catalog,schema,table,column_name,data_type,comment
fc_entdata_gold,cdm_bi,fact_allegro_trade_liftings,trade_liftings_key,bigint,null
fc_entdata_gold,cdm_bi,fact_allegro_trade_liftings,trade_number,string,null
fc_entdata_gold,cdm_bi,fact_allegro_trade_liftings,counter_party,string,null
fc_entdata_gold,cdm_bi,fact_allegro_trade_liftings,finished_grade,string,null
fc_entdata_gold,cdm_bi,fact_allegro_trade_liftings,terminal,string,null
fc_entdata_gold,cdm_bi,fact_allegro_trade_liftings,price_per_unit,"decimal(16,6)",null
fc_entdata_gold,cdm_bi,fact_allegro_trade_liftings,price_type,string,null
fc_entdata_gold,cdm_bi,fact_allegro_trade_liftings,unit,string,null
fc_entdata_gold,cdm_bi,fact_allegro_trade_liftings,trade_note,string,null
fc_entdata_gold,cdm_bi,fact_allegro_trade_liftings,agreed_upon_volume_gallons,"decimal(16,4)",null
fc_entdata_gold,cdm_bi,fact_allegro_trade_liftings,gross_volume_lifted,"decimal(16,4)",null
fc_entdata_gold,cdm_bi,fact_allegro_trade_liftings,net_volume_lifted,"decimal(16,4)",null
fc_entdata_gold,cdm_bi,fact_allegro_trade_liftings,bol,string,null
fc_entdata_gold,cdm_bi,fact_allegro_trade_liftings,bol_lift_datetime_date_key,int,null
fc_entdata_gold,cdm_bi,fact_allegro_trade_liftings,bol_lift_datetime_time_key,int,null
fc_entdata_gold,cdm_bi,fact_allegro_trade_liftings,carrier,string,null
fc_entdata_gold,cdm_bi,fact_allegro_trade_liftings,loading_number,string,null
fc_entdata_gold,cdm_bi,fact_allegro_trade_liftings,trade_type,string,null
fc_entdata_gold,cdm_bi,fact_allegro_trade_liftings,creation_name,string,null
fc_entdata_gold,cdm_bi,fact_allegro_trade_liftings,trader,string,null
fc_entdata_gold,cdm_bi,fact_allegro_trade_liftings,revision_name,string,null
fc_entdata_gold,cdm_bi,fact_allegro_trade_liftings,time_of_trade_date_key,int,null
fc_entdata_gold,cdm_bi,fact_allegro_trade_liftings,time_of_trade_time_key,int,null
fc_entdata_gold,cdm_bi,fact_allegro_trade_liftings,trade_duration,int,null
fc_entdata_gold,cdm_bi,fact_allegro_trade_liftings,position,string,null
fc_entdata_gold,cdm_bi,fact_allegro_trade_liftings,shipment,string,null
fc_entdata_gold,cdm_bi,fact_allegro_trade_liftings,opis_low,"decimal(19,4)",null
fc_entdata_gold,cdm_bi,fact_allegro_trade_liftings,unweighted_replacement_cost_currday,"decimal(38,6)",null
fc_entdata_gold,cdm_bi,fact_allegro_trade_liftings,unweighted_replacement_cost_prevday,"decimal(38,6)",null
fc_entdata_gold,cdm_bi,fact_allegro_trade_liftings,start_date_key,int,null
fc_entdata_gold,cdm_bi,fact_allegro_trade_liftings,end_date_key,int,null
fc_entdata_gold,cdm_bi,fact_allegro_trade_liftings,load_dttm,timestamp,null
fc_entdata_gold,cdm_bi,fact_allegro_trade_liftings,loadtime,string,null
fc_entdata_gold,cdm_bi,fact_allegro_trade_liftings,data_src_key,int,null
fc_entdata_gold,cdm_bi,fact_allegro_trade_liftings,created_date,timestamp,null
fc_entdata_gold,cdm_bi,fact_allegro_trade_liftings,updated_date,timestamp,null
fc_entdata_gold,cdm_bi,fact_allegro_trade_liftings,created_by,string,null
fc_entdata_gold,cdm_bi,fact_allegro_trade_liftings,updated_by,string,null
fc_entdata_gold,cdm_bi,fact_allegro_trade_liftings,Catalog,fc_entdata_gold,
fc_entdata_gold,cdm_bi,fact_allegro_trade_liftings,Database,cdm_bi,
fc_entdata_gold,cdm_bi,fact_allegro_trade_liftings,Table,fact_allegro_trade_liftings,
fc_entdata_gold,cdm_bi,fact_allegro_trade_liftings,Created Time,Thu Jan 15 17:27:28 UTC 2026,
fc_entdata_gold,cdm_bi,fact_allegro_trade_liftings,Last Access,UNKNOWN,
fc_entdata_gold,cdm_bi,fact_allegro_trade_liftings,Created By,Spark ,
fc_entdata_gold,cdm_bi,fact_allegro_trade_liftings,Type,FOREIGN,
fc_entdata_gold,cdm_bi,fact_allegro_trade_liftings,Provider,databricks,
fc_entdata_gold,cdm_bi,fact_allegro_trade_liftings,Owner,omry7478@retailer.com,
fc_entdata_gold,cdm_bi,fact_allegro_trade_liftings,Table Properties,[],
fc_entdata_gold,cdm_bi,fact_cashier_overshort,cashier_overshort_key,bigint,null
fc_entdata_gold,cdm_bi,fact_cashier_overshort,store_number,int,null
fc_entdata_gold,cdm_bi,fact_cashier_overshort,busdate,date,null
fc_entdata_gold,cdm_bi,fact_cashier_overshort,cashier_name,string,null
fc_entdata_gold,cdm_bi,fact_cashier_overshort,refund_summary,"decimal(25,5)",null
fc_entdata_gold,cdm_bi,fact_cashier_overshort,payout_summary,"decimal(25,5)",null
fc_entdata_gold,cdm_bi,fact_cashier_overshort,coupons,"decimal(25,5)",null
fc_entdata_gold,cdm_bi,fact_cashier_overshort,scrach_off_redemptions,"decimal(25,5)",null
fc_entdata_gold,cdm_bi,fact_cashier_overshort,start_amount,"decimal(25,5)",null
fc_entdata_gold,cdm_bi,fact_cashier_overshort,end_amount,"decimal(25,5)",null
fc_entdata_gold,cdm_bi,fact_cashier_overshort,cash_summary_total,"decimal(25,5)",null
fc_entdata_gold,cdm_bi,fact_cashier_overshort,bills_accepted_summary,"decimal(25,5)",null
fc_entdata_gold,cdm_bi,fact_cashier_overshort,cash_vault_drop_summary,"decimal(25,5)",null
fc_entdata_gold,cdm_bi,fact_cashier_overshort,tubes_vended_summary,"decimal(25,5)",null
fc_entdata_gold,cdm_bi,fact_cashier_overshort,tubes_loaded_summary,"decimal(25,5)",null
fc_entdata_gold,cdm_bi,fact_cashier_overshort,reserve_withdrawal_summary,"decimal(25,5)",null
fc_entdata_gold,cdm_bi,fact_cashier_overshort,cashier_os_summary,"decimal(25,5)",null
fc_entdata_gold,cdm_bi,fact_cashier_overshort,data_src_key,int,null
fc_entdata_gold,cdm_bi,fact_cashier_overshort,loadtime,timestamp,null
fc_entdata_gold,cdm_bi,fact_cashier_overshort,created_date,timestamp,null
fc_entdata_gold,cdm_bi,fact_cashier_overshort,updated_date,timestamp,null
fc_entdata_gold,cdm_bi,fact_cashier_overshort,created_by,string,null
fc_entdata_gold,cdm_bi,fact_cashier_overshort,updated_by,string,null
fc_entdata_gold,cdm_bi,fact_cashier_overshort,Catalog,fc_entdata_gold,
fc_entdata_gold,cdm_bi,fact_cashier_overshort,Database,cdm_bi,
fc_entdata_gold,cdm_bi,fact_cashier_overshort,Table,fact_cashier_overshort,
fc_entdata_gold,cdm_bi,fact_cashier_overshort,Created Time,Thu Jan 15 17:27:28 UTC 2026,
fc_entdata_gold,cdm_bi,fact_cashier_overshort,Last Access,UNKNOWN,
fc_entdata_gold,cdm_bi,fact_cashier_overshort,Created By,Spark ,
fc_entdata_gold,cdm_bi,fact_cashier_overshort,Type,FOREIGN,
fc_entdata_gold,cdm_bi,fact_cashier_overshort,Provider,databricks,
fc_entdata_gold,cdm_bi,fact_cashier_overshort,Owner,omry7478@retailer.com,
fc_entdata_gold,cdm_bi,fact_cashier_overshort,Table Properties,[],
fc_entdata_gold,cdm_bi,fact_daily_cash_shrink,cash_shrink_key,bigint,null
fc_entdata_gold,cdm_bi,fact_daily_cash_shrink,store_num,int,null
fc_entdata_gold,cdm_bi,fact_daily_cash_shrink,item_number,int,null
fc_entdata_gold,cdm_bi,fact_daily_cash_shrink,item_key,bigint,null
fc_entdata_gold,cdm_bi,fact_daily_cash_shrink,date_key,int,null
fc_entdata_gold,cdm_bi,fact_daily_cash_shrink,entry_date_key,int,null
fc_entdata_gold,cdm_bi,fact_daily_cash_shrink,reference_date_key,int,null
fc_entdata_gold,cdm_bi,fact_daily_cash_shrink,business_date_key,int,null
fc_entdata_gold,cdm_bi,fact_daily_cash_shrink,journal_date_key,int,null
fc_entdata_gold,cdm_bi,fact_daily_cash_shrink,account_number,string,null
fc_entdata_gold,cdm_bi,fact_daily_cash_shrink,amount,"decimal(38,6)",null
fc_entdata_gold,cdm_bi,fact_daily_cash_shrink,glexplanation,string,null
fc_entdata_gold,cdm_bi,fact_daily_cash_shrink,data_src_key,int,null
fc_entdata_gold,cdm_bi,fact_daily_cash_shrink,loadtime,timestamp,null
fc_entdata_gold,cdm_bi,fact_daily_cash_shrink,created_date,timestamp,null
fc_entdata_gold,cdm_bi,fact_daily_cash_shrink,updated_date,timestamp,null
fc_entdata_gold,cdm_bi,fact_daily_cash_shrink,created_by,string,null
fc_entdata_gold,cdm_bi,fact_daily_cash_shrink,updated_by,string,null
fc_entdata_gold,cdm_bi,fact_daily_cash_shrink,Catalog,fc_entdata_gold,
fc_entdata_gold,cdm_bi,fact_daily_cash_shrink,Database,cdm_bi,
fc_entdata_gold,cdm_bi,fact_daily_cash_shrink,Table,fact_daily_cash_shrink,
fc_entdata_gold,cdm_bi,fact_daily_cash_shrink,Created Time,Thu Jan 15 17:27:28 UTC 2026,
fc_entdata_gold,cdm_bi,fact_daily_cash_shrink,Last Access,UNKNOWN,
fc_entdata_gold,cdm_bi,fact_daily_cash_shrink,Created By,Spark ,
fc_entdata_gold,cdm_bi,fact_daily_cash_shrink,Type,FOREIGN,
fc_entdata_gold,cdm_bi,fact_daily_cash_shrink,Provider,databricks,
fc_entdata_gold,cdm_bi,fact_daily_cash_shrink,Owner,omry7478@retailer.com,
fc_entdata_gold,cdm_bi,fact_daily_cash_shrink,Table Properties,[],
fc_entdata_gold,cdm_bi,fact_drive_thru,drive_thru_key,bigint,null
fc_entdata_gold,cdm_bi,fact_drive_thru,departure_time,timestamp,null
fc_entdata_gold,cdm_bi,fact_drive_thru,store_key,int,null
fc_entdata_gold,cdm_bi,fact_drive_thru,event_name,string,null
fc_entdata_gold,cdm_bi,fact_drive_thru,carsin_queue,int,null
fc_entdata_gold,cdm_bi,fact_drive_thru,menu_board,int,null
fc_entdata_gold,cdm_bi,fact_drive_thru,greet,int,null
fc_entdata_gold,cdm_bi,fact_drive_thru,service,int,null
fc_entdata_gold,cdm_bi,fact_drive_thru,lane_queue,int,null
fc_entdata_gold,cdm_bi,fact_drive_thru,lane_total,int,null
fc_entdata_gold,cdm_bi,fact_drive_thru,store_number,int,null
fc_entdata_gold,cdm_bi,fact_drive_thru,loadtime,timestamp,null
fc_entdata_gold,cdm_bi,fact_drive_thru,data_src_key,int,null
fc_entdata_gold,cdm_bi,fact_drive_thru,created_date,timestamp,null
fc_entdata_gold,cdm_bi,fact_drive_thru,updated_date,timestamp,null
fc_entdata_gold,cdm_bi,fact_drive_thru,created_by,string,null
fc_entdata_gold,cdm_bi,fact_drive_thru,updated_by,string,null
fc_entdata_gold,cdm_bi,fact_drive_thru,Catalog,fc_entdata_gold,
fc_entdata_gold,cdm_bi,fact_drive_thru,Database,cdm_bi,
fc_entdata_gold,cdm_bi,fact_drive_thru,Table,fact_drive_thru,
fc_entdata_gold,cdm_bi,fact_drive_thru,Created Time,Thu Jan 15 17:27:28 UTC 2026,
fc_entdata_gold,cdm_bi,fact_drive_thru,Last Access,UNKNOWN,
fc_entdata_gold,cdm_bi,fact_drive_thru,Created By,Spark ,
fc_entdata_gold,cdm_bi,fact_drive_thru,Type,FOREIGN,
fc_entdata_gold,cdm_bi,fact_drive_thru,Provider,databricks,
fc_entdata_gold,cdm_bi,fact_drive_thru,Owner,omry7478@retailer.com,
fc_entdata_gold,cdm_bi,fact_drive_thru,Table Properties,[],
fc_entdata_gold,cdm_bi,fact_gl_monthly_balances,gl_monthly_balance_key,bigint,null
fc_entdata_gold,cdm_bi,fact_gl_monthly_balances,month_datekey,int,null
fc_entdata_gold,cdm_bi,fact_gl_monthly_balances,ledger_account_sk,string,null
fc_entdata_gold,cdm_bi,fact_gl_monthly_balances,ledger_account_key,string,null
fc_entdata_gold,cdm_bi,fact_gl_monthly_balances,ending_balance,double,null
fc_entdata_gold,cdm_bi,fact_gl_monthly_balances,beginning_balance,double,null
fc_entdata_gold,cdm_bi,fact_gl_monthly_balances,activity,double,null
fc_entdata_gold,cdm_bi,fact_gl_monthly_balances,dtmload,timestamp,null
fc_entdata_gold,cdm_bi,fact_gl_monthly_balances,data_src_key,int,null
fc_entdata_gold,cdm_bi,fact_gl_monthly_balances,created_date,timestamp,null
fc_entdata_gold,cdm_bi,fact_gl_monthly_balances,updated_date,timestamp,null
fc_entdata_gold,cdm_bi,fact_gl_monthly_balances,created_by,string,null
fc_entdata_gold,cdm_bi,fact_gl_monthly_balances,updated_by,string,null
fc_entdata_gold,cdm_bi,fact_gl_monthly_balances,Catalog,fc_entdata_gold,
fc_entdata_gold,cdm_bi,fact_gl_monthly_balances,Database,cdm_bi,
fc_entdata_gold,cdm_bi,fact_gl_monthly_balances,Table,fact_gl_monthly_balances,
fc_entdata_gold,cdm_bi,fact_gl_monthly_balances,Created Time,Thu Jan 15 17:27:28 UTC 2026,
fc_entdata_gold,cdm_bi,fact_gl_monthly_balances,Last Access,UNKNOWN,
fc_entdata_gold,cdm_bi,fact_gl_monthly_balances,Created By,Spark ,
fc_entdata_gold,cdm_bi,fact_gl_monthly_balances,Type,FOREIGN,
fc_entdata_gold,cdm_bi,fact_gl_monthly_balances,Provider,databricks,
fc_entdata_gold,cdm_bi,fact_gl_monthly_balances,Owner,omry7478@retailer.com,
fc_entdata_gold,cdm_bi,fact_gl_monthly_balances,Table Properties,[],
fc_entdata_gold,cdm_bi,fact_pdi_rwmerch_sales,rwmerchsales_key,bigint,null
fc_entdata_gold,cdm_bi,fact_pdi_rwmerch_sales,store_number,int,null
fc_entdata_gold,cdm_bi,fact_pdi_rwmerch_sales,date_key,int,null
fc_entdata_gold,cdm_bi,fact_pdi_rwmerch_sales,salesamount,"decimal(25,4)",null
fc_entdata_gold,cdm_bi,fact_pdi_rwmerch_sales,loadtime,string,null
fc_entdata_gold,cdm_bi,fact_pdi_rwmerch_sales,data_src_key,int,null
fc_entdata_gold,cdm_bi,fact_pdi_rwmerch_sales,created_date,timestamp,null
fc_entdata_gold,cdm_bi,fact_pdi_rwmerch_sales,updated_date,timestamp,null
fc_entdata_gold,cdm_bi,fact_pdi_rwmerch_sales,created_by,string,null
fc_entdata_gold,cdm_bi,fact_pdi_rwmerch_sales,updated_by,string,null
fc_entdata_gold,cdm_bi,fact_pdi_rwmerch_sales,Catalog,fc_entdata_gold,
fc_entdata_gold,cdm_bi,fact_pdi_rwmerch_sales,Database,cdm_bi,
fc_entdata_gold,cdm_bi,fact_pdi_rwmerch_sales,Table,fact_pdi_rwmerch_sales,
fc_entdata_gold,cdm_bi,fact_pdi_rwmerch_sales,Created Time,Thu Jan 15 17:27:28 UTC 2026,
fc_entdata_gold,cdm_bi,fact_pdi_rwmerch_sales,Last Access,UNKNOWN,
fc_entdata_gold,cdm_bi,fact_pdi_rwmerch_sales,Created By,Spark ,
fc_entdata_gold,cdm_bi,fact_pdi_rwmerch_sales,Type,FOREIGN,
fc_entdata_gold,cdm_bi,fact_pdi_rwmerch_sales,Provider,databricks,
fc_entdata_gold,cdm_bi,fact_pdi_rwmerch_sales,Owner,omry7478@retailer.com,
fc_entdata_gold,cdm_bi,fact_pdi_rwmerch_sales,Table Properties,[],
fc_entdata_gold,cdm_bi,fact_pdi_rwmerch_sales_details,rwmerchsalesdetail_key,bigint,null
fc_entdata_gold,cdm_bi,fact_pdi_rwmerch_sales_details,store_number,int,null
fc_entdata_gold,cdm_bi,fact_pdi_rwmerch_sales_details,date_key,int,null
fc_entdata_gold,cdm_bi,fact_pdi_rwmerch_sales_details,rwdataid_key,bigint,null
fc_entdata_gold,cdm_bi,fact_pdi_rwmerch_sales_details,sale_samount,"decimal(25,4)",null
fc_entdata_gold,cdm_bi,fact_pdi_rwmerch_sales_details,loadtime,string,null
fc_entdata_gold,cdm_bi,fact_pdi_rwmerch_sales_details,data_src_key,int,null
fc_entdata_gold,cdm_bi,fact_pdi_rwmerch_sales_details,created_date,timestamp,null
fc_entdata_gold,cdm_bi,fact_pdi_rwmerch_sales_details,updated_date,timestamp,null
fc_entdata_gold,cdm_bi,fact_pdi_rwmerch_sales_details,created_by,string,null
fc_entdata_gold,cdm_bi,fact_pdi_rwmerch_sales_details,updated_by,string,null
fc_entdata_gold,cdm_bi,fact_pdi_rwmerch_sales_details,Catalog,fc_entdata_gold,
fc_entdata_gold,cdm_bi,fact_pdi_rwmerch_sales_details,Database,cdm_bi,
fc_entdata_gold,cdm_bi,fact_pdi_rwmerch_sales_details,Table,fact_pdi_rwmerch_sales_details,
fc_entdata_gold,cdm_bi,fact_pdi_rwmerch_sales_details,Created Time,Thu Jan 15 17:27:28 UTC 2026,
fc_entdata_gold,cdm_bi,fact_pdi_rwmerch_sales_details,Last Access,UNKNOWN,
fc_entdata_gold,cdm_bi,fact_pdi_rwmerch_sales_details,Created By,Spark ,
fc_entdata_gold,cdm_bi,fact_pdi_rwmerch_sales_details,Type,FOREIGN,
fc_entdata_gold,cdm_bi,fact_pdi_rwmerch_sales_details,Provider,databricks,
fc_entdata_gold,cdm_bi,fact_pdi_rwmerch_sales_details,Owner,omry7478@retailer.com,
fc_entdata_gold,cdm_bi,fact_pdi_rwmerch_sales_details,Table Properties,[],
fc_entdata_gold,cdm_bi,fact_promotion,promotion_key,bigint,null
fc_entdata_gold,cdm_bi,fact_promotion,store_key,int,null
fc_entdata_gold,cdm_bi,fact_promotion,store_num,int,null
fc_entdata_gold,cdm_bi,fact_promotion,discount_promo_code,string,null
fc_entdata_gold,cdm_bi,fact_promotion,promoitem_key,bigint,null
fc_entdata_gold,cdm_bi,fact_promotion,item_key,bigint,null
fc_entdata_gold,cdm_bi,fact_promotion,item_number,int,null
fc_entdata_gold,cdm_bi,fact_promotion,business_date_key,int,null
fc_entdata_gold,cdm_bi,fact_promotion,sales_amt,"decimal(25,4)",null
fc_entdata_gold,cdm_bi,fact_promotion,qty_sold,"decimal(25,4)",null
fc_entdata_gold,cdm_bi,fact_promotion,data_src_key,int,null
fc_entdata_gold,cdm_bi,fact_promotion,loadtime,timestamp,null
fc_entdata_gold,cdm_bi,fact_promotion,created_date,timestamp,null
fc_entdata_gold,cdm_bi,fact_promotion,updated_date,timestamp,null
fc_entdata_gold,cdm_bi,fact_promotion,created_by,string,null
fc_entdata_gold,cdm_bi,fact_promotion,updated_by,string,null
fc_entdata_gold,cdm_bi,fact_promotion,Catalog,fc_entdata_gold,
fc_entdata_gold,cdm_bi,fact_promotion,Database,cdm_bi,
fc_entdata_gold,cdm_bi,fact_promotion,Table,fact_promotion,
fc_entdata_gold,cdm_bi,fact_promotion,Created Time,Thu Jan 15 17:27:28 UTC 2026,
fc_entdata_gold,cdm_bi,fact_promotion,Last Access,UNKNOWN,
fc_entdata_gold,cdm_bi,fact_promotion,Created By,Spark ,
fc_entdata_gold,cdm_bi,fact_promotion,Type,FOREIGN,
fc_entdata_gold,cdm_bi,fact_promotion,Provider,databricks,
fc_entdata_gold,cdm_bi,fact_promotion,Owner,omry7478@retailer.com,
fc_entdata_gold,cdm_bi,fact_promotion,Table Properties,[],
fc_entdata_gold,cdm_bi,fact_rwradiant_refunds,store_number,int,null
fc_entdata_gold,cdm_bi,fact_rwradiant_refunds,transaction_id,bigint,null
fc_entdata_gold,cdm_bi,fact_rwradiant_refunds,business_date,date,null
fc_entdata_gold,cdm_bi,fact_rwradiant_refunds,transaction_date,date,null
fc_entdata_gold,cdm_bi,fact_rwradiant_refunds,date_key,int,null
fc_entdata_gold,cdm_bi,fact_rwradiant_refunds,register,int,null
fc_entdata_gold,cdm_bi,fact_rwradiant_refunds,cashier_id,string,null
fc_entdata_gold,cdm_bi,fact_rwradiant_refunds,offline_flag,string,null
fc_entdata_gold,cdm_bi,fact_rwradiant_refunds,suspended,string,null
fc_entdata_gold,cdm_bi,fact_rwradiant_refunds,shift,bigint,null
fc_entdata_gold,cdm_bi,fact_rwradiant_refunds,subtotal,"decimal(25,4)",null
fc_entdata_gold,cdm_bi,fact_rwradiant_refunds,outside_sale,string,null
fc_entdata_gold,cdm_bi,fact_rwradiant_refunds,total_gross,"decimal(25,4)",null
fc_entdata_gold,cdm_bi,fact_rwradiant_refunds,total_net,"decimal(25,4)",null
fc_entdata_gold,cdm_bi,fact_rwradiant_refunds,total_tax_sales,"decimal(25,4)",null
fc_entdata_gold,cdm_bi,fact_rwradiant_refunds,total_tax_net,"decimal(25,4)",null
fc_entdata_gold,cdm_bi,fact_rwradiant_refunds,item_status,string,null
fc_entdata_gold,cdm_bi,fact_rwradiant_refunds,item_type,string,null
fc_entdata_gold,cdm_bi,fact_rwradiant_refunds,txn_type,string,null
fc_entdata_gold,cdm_bi,fact_rwradiant_refunds,pump_number,int,null
fc_entdata_gold,cdm_bi,fact_rwradiant_refunds,fuel_grade_id,bigint,null
fc_entdata_gold,cdm_bi,fact_rwradiant_refunds,merchandise_code,bigint,null
fc_entdata_gold,cdm_bi,fact_rwradiant_refunds,modifier,string,null
fc_entdata_gold,cdm_bi,fact_rwradiant_refunds,barcode,bigint,null
fc_entdata_gold,cdm_bi,fact_rwradiant_refunds,barcode_type,string,null
fc_entdata_gold,cdm_bi,fact_rwradiant_refunds,description,string,null
fc_entdata_gold,cdm_bi,fact_rwradiant_refunds,entry_method,string,null
fc_entdata_gold,cdm_bi,fact_rwradiant_refunds,regular_price,"decimal(25,4)",null
fc_entdata_gold,cdm_bi,fact_rwradiant_refunds,actual_price,"decimal(25,4)",null
fc_entdata_gold,cdm_bi,fact_rwradiant_refunds,quantity,"decimal(25,4)",null
fc_entdata_gold,cdm_bi,fact_rwradiant_refunds,sales_amt,"decimal(25,4)",null
fc_entdata_gold,cdm_bi,fact_rwradiant_refunds,selling_units,int,null
fc_entdata_gold,cdm_bi,fact_rwradiant_refunds,item_type_cd,string,null
fc_entdata_gold,cdm_bi,fact_rwradiant_refunds,sales_restriction,string,null
fc_entdata_gold,cdm_bi,fact_rwradiant_refunds,import_date,timestamp,null
fc_entdata_gold,cdm_bi,fact_rwradiant_refunds,original_prepay_tran,bigint,null
fc_entdata_gold,cdm_bi,fact_rwradiant_refunds,detail_line_num,int,null
fc_entdata_gold,cdm_bi,fact_rwradiant_refunds,target_line_num,int,null
fc_entdata_gold,cdm_bi,fact_rwradiant_refunds,current_tax_type,int,null
fc_entdata_gold,cdm_bi,fact_rwradiant_refunds,original_tax_type,float,null
fc_entdata_gold,cdm_bi,fact_rwradiant_refunds,personal_id,string,null
fc_entdata_gold,cdm_bi,fact_rwradiant_refunds,personal_id_type,string,null
fc_entdata_gold,cdm_bi,fact_rwradiant_refunds,redeemed_coupon_id,string,null
fc_entdata_gold,cdm_bi,fact_rwradiant_refunds,data_src_key,int,null
fc_entdata_gold,cdm_bi,fact_rwradiant_refunds,created_date,timestamp,null
fc_entdata_gold,cdm_bi,fact_rwradiant_refunds,updated_date,timestamp,null
fc_entdata_gold,cdm_bi,fact_rwradiant_refunds,created_by,string,null
fc_entdata_gold,cdm_bi,fact_rwradiant_refunds,updated_by,string,null
fc_entdata_gold,cdm_bi,fact_rwradiant_refunds,Catalog,fc_entdata_gold,
fc_entdata_gold,cdm_bi,fact_rwradiant_refunds,Database,cdm_bi,
fc_entdata_gold,cdm_bi,fact_rwradiant_refunds,Table,fact_rwradiant_refunds,
fc_entdata_gold,cdm_bi,fact_rwradiant_refunds,Created Time,Thu Jan 15 17:27:28 UTC 2026,
fc_entdata_gold,cdm_bi,fact_rwradiant_refunds,Last Access,UNKNOWN,
fc_entdata_gold,cdm_bi,fact_rwradiant_refunds,Created By,Spark ,
fc_entdata_gold,cdm_bi,fact_rwradiant_refunds,Type,FOREIGN,
fc_entdata_gold,cdm_bi,fact_rwradiant_refunds,Provider,databricks,
fc_entdata_gold,cdm_bi,fact_rwradiant_refunds,Owner,omry7478@retailer.com,
fc_entdata_gold,cdm_bi,fact_rwradiant_refunds,Table Properties,[],
fc_entdata_gold,cdm_bi,gl_monthly_balances,accounting_month,date,null
fc_entdata_gold,cdm_bi,gl_monthly_balances,ledger_account_key,string,null
fc_entdata_gold,cdm_bi,gl_monthly_balances,ending_balance,double,null
fc_entdata_gold,cdm_bi,gl_monthly_balances,beginning_balance,double,null
fc_entdata_gold,cdm_bi,gl_monthly_balances,activity,double,null
fc_entdata_gold,cdm_bi,gl_monthly_balances,loadtime,timestamp,null
fc_entdata_gold,cdm_bi,gl_monthly_balances,data_src_key,int,null
fc_entdata_gold,cdm_bi,gl_monthly_balances,created_date,timestamp,null
fc_entdata_gold,cdm_bi,gl_monthly_balances,updated_date,timestamp,null
fc_entdata_gold,cdm_bi,gl_monthly_balances,created_by,string,null
fc_entdata_gold,cdm_bi,gl_monthly_balances,updated_by,string,null
fc_entdata_gold,cdm_bi,gl_monthly_balances,Catalog,fc_entdata_gold,
fc_entdata_gold,cdm_bi,gl_monthly_balances,Database,cdm_bi,
fc_entdata_gold,cdm_bi,gl_monthly_balances,Table,gl_monthly_balances,
fc_entdata_gold,cdm_bi,gl_monthly_balances,Created Time,Tue May 20 19:15:01 UTC 2025,
fc_entdata_gold,cdm_bi,gl_monthly_balances,Last Access,UNKNOWN,
fc_entdata_gold,cdm_bi,gl_monthly_balances,Created By,Spark ,
fc_entdata_gold,cdm_bi,gl_monthly_balances,Type,FOREIGN,
fc_entdata_gold,cdm_bi,gl_monthly_balances,Provider,databricks,
fc_entdata_gold,cdm_bi,gl_monthly_balances,Owner,omry7478@retailer.com,
fc_entdata_gold,cdm_bi,gl_monthly_balances,Table Properties,[],
fc_entdata_gold,cdm_bi,gl_monthly_balances_detail,gl_monthly_balance_detail_key,bigint,null
fc_entdata_gold,cdm_bi,gl_monthly_balances_detail,month_datekey,int,null
fc_entdata_gold,cdm_bi,gl_monthly_balances_detail,company_key,string,null
fc_entdata_gold,cdm_bi,gl_monthly_balances_detail,company_sk,int,null
fc_entdata_gold,cdm_bi,gl_monthly_balances_detail,ledger_account_key,string,null
fc_entdata_gold,cdm_bi,gl_monthly_balances_detail,ledger_account_sk,int,null
fc_entdata_gold,cdm_bi,gl_monthly_balances_detail,spend_category_key,string,null
fc_entdata_gold,cdm_bi,gl_monthly_balances_detail,spend_category_sk,int,null
fc_entdata_gold,cdm_bi,gl_monthly_balances_detail,revenue_category_key,string,null
fc_entdata_gold,cdm_bi,gl_monthly_balances_detail,revenue_category_sk,int,null
fc_entdata_gold,cdm_bi,gl_monthly_balances_detail,costcenter_key,string,null
fc_entdata_gold,cdm_bi,gl_monthly_balances_detail,costcenter_sk,int,null
fc_entdata_gold,cdm_bi,gl_monthly_balances_detail,wd_store_key,string,null
fc_entdata_gold,cdm_bi,gl_monthly_balances_detail,wd_store_sk,int,null
fc_entdata_gold,cdm_bi,gl_monthly_balances_detail,division_key,string,null
fc_entdata_gold,cdm_bi,gl_monthly_balances_detail,division_sk,int,null
fc_entdata_gold,cdm_bi,gl_monthly_balances_detail,metroplex_facilities_key,string,null
fc_entdata_gold,cdm_bi,gl_monthly_balances_detail,metroplex_facility_sk,int,null
fc_entdata_gold,cdm_bi,gl_monthly_balances_detail,region_key,string,null
fc_entdata_gold,cdm_bi,gl_monthly_balances_detail,region_sk,int,null
fc_entdata_gold,cdm_bi,gl_monthly_balances_detail,location_key,string,null
fc_entdata_gold,cdm_bi,gl_monthly_balances_detail,location_sk,int,null
fc_entdata_gold,cdm_bi,gl_monthly_balances_detail,ed_equipment_key,string,null
fc_entdata_gold,cdm_bi,gl_monthly_balances_detail,ed_equipment_sk,int,null
fc_entdata_gold,cdm_bi,gl_monthly_balances_detail,project_key,string,null
fc_entdata_gold,cdm_bi,gl_monthly_balances_detail,project_sk,int,null
fc_entdata_gold,cdm_bi,gl_monthly_balances_detail,program_key,string,null
fc_entdata_gold,cdm_bi,gl_monthly_balances_detail,program_sk,int,null
fc_entdata_gold,cdm_bi,gl_monthly_balances_detail,project_phase_key,string,null
fc_entdata_gold,cdm_bi,gl_monthly_balances_detail,ending_balance,double,null
fc_entdata_gold,cdm_bi,gl_monthly_balances_detail,beginning_balance,double,null
fc_entdata_gold,cdm_bi,gl_monthly_balances_detail,activity,double,null
fc_entdata_gold,cdm_bi,gl_monthly_balances_detail,dtmload,timestamp,null
fc_entdata_gold,cdm_bi,gl_monthly_balances_detail,data_src_key,int,null
fc_entdata_gold,cdm_bi,gl_monthly_balances_detail,created_date,timestamp,null
fc_entdata_gold,cdm_bi,gl_monthly_balances_detail,updated_date,timestamp,null
fc_entdata_gold,cdm_bi,gl_monthly_balances_detail,created_by,string,null
fc_entdata_gold,cdm_bi,gl_monthly_balances_detail,updated_by,string,null
fc_entdata_gold,cdm_bi,gl_monthly_balances_detail,Catalog,fc_entdata_gold,
fc_entdata_gold,cdm_bi,gl_monthly_balances_detail,Database,cdm_bi,
fc_entdata_gold,cdm_bi,gl_monthly_balances_detail,Table,gl_monthly_balances_detail,
fc_entdata_gold,cdm_bi,gl_monthly_balances_detail,Created Time,Tue Mar 11 21:13:02 UTC 2025,
fc_entdata_gold,cdm_bi,gl_monthly_balances_detail,Last Access,UNKNOWN,
fc_entdata_gold,cdm_bi,gl_monthly_balances_detail,Created By,Spark ,
fc_entdata_gold,cdm_bi,gl_monthly_balances_detail,Type,FOREIGN,
fc_entdata_gold,cdm_bi,gl_monthly_balances_detail,Provider,databricks,
fc_entdata_gold,cdm_bi,gl_monthly_balances_detail,Owner,omry7478@retailer.com,
fc_entdata_gold,cdm_bi,gl_monthly_balances_detail,Table Properties,[],
fc_entdata_gold,cdm_bi,import_opis_marketshare,marketshare_id,string,null
fc_entdata_gold,cdm_bi,import_opis_marketshare,filedate,timestamp,null
fc_entdata_gold,cdm_bi,import_opis_marketshare,filedate_key,int,null
fc_entdata_gold,cdm_bi,import_opis_marketshare,region,string,null
fc_entdata_gold,cdm_bi,import_opis_marketshare,groupedregion,string,null
fc_entdata_gold,cdm_bi,import_opis_marketshare,stationbrand,string,null
fc_entdata_gold,cdm_bi,import_opis_marketshare,outlets,string,null
fc_entdata_gold,cdm_bi,import_opis_marketshare,marketshare,"decimal(25,4)",null
fc_entdata_gold,cdm_bi,import_opis_marketshare,outletshare,"decimal(25,4)",null
fc_entdata_gold,cdm_bi,import_opis_marketshare,marketeff,"decimal(25,4)",null
fc_entdata_gold,cdm_bi,import_opis_marketshare,pricediff,"decimal(25,4)",null
fc_entdata_gold,cdm_bi,import_opis_marketshare,4_weeks_marketshare,"decimal(25,4)",null
fc_entdata_gold,cdm_bi,import_opis_marketshare,4_weeks_pricediff,"decimal(25,4)",null
fc_entdata_gold,cdm_bi,import_opis_marketshare,month_ago_marketshare,"decimal(25,4)",null
fc_entdata_gold,cdm_bi,import_opis_marketshare,month_ago_pricediff,"decimal(25,4)",null
fc_entdata_gold,cdm_bi,import_opis_marketshare,year_ago_marketshare,"decimal(25,4)",null
fc_entdata_gold,cdm_bi,import_opis_marketshare,year_ago_pricediff,"decimal(25,4)",null
fc_entdata_gold,cdm_bi,import_opis_marketshare,location_type,string,null
fc_entdata_gold,cdm_bi,import_opis_marketshare,frequency,string,null
fc_entdata_gold,cdm_bi,import_opis_marketshare,brand_type,string,null
fc_entdata_gold,cdm_bi,import_opis_marketshare,sourcefile,string,null
fc_entdata_gold,cdm_bi,import_opis_marketshare,loadtime,string,null
fc_entdata_gold,cdm_bi,import_opis_marketshare,data_src_key,int,null
fc_entdata_gold,cdm_bi,import_opis_marketshare,created_date,timestamp,null
fc_entdata_gold,cdm_bi,import_opis_marketshare,updated_date,timestamp,null
fc_entdata_gold,cdm_bi,import_opis_marketshare,created_by,string,null
fc_entdata_gold,cdm_bi,import_opis_marketshare,updated_by,string,null
fc_entdata_gold,cdm_bi,import_opis_marketshare,Catalog,fc_entdata_gold,
fc_entdata_gold,cdm_bi,import_opis_marketshare,Database,cdm_bi,
fc_entdata_gold,cdm_bi,import_opis_marketshare,Table,import_opis_marketshare,
fc_entdata_gold,cdm_bi,import_opis_marketshare,Created Time,Thu Jan 15 17:27:28 UTC 2026,
fc_entdata_gold,cdm_bi,import_opis_marketshare,Last Access,UNKNOWN,
fc_entdata_gold,cdm_bi,import_opis_marketshare,Created By,Spark ,
fc_entdata_gold,cdm_bi,import_opis_marketshare,Type,FOREIGN,
fc_entdata_gold,cdm_bi,import_opis_marketshare,Provider,databricks,
fc_entdata_gold,cdm_bi,import_opis_marketshare,Owner,omry7478@retailer.com,
fc_entdata_gold,cdm_bi,import_opis_marketshare,Table Properties,[],
fc_entdata_gold,cdm_bi,instate_onlinelottocost,lottocost_key,bigint,null
fc_entdata_gold,cdm_bi,instate_onlinelottocost,store_number,int,null
fc_entdata_gold,cdm_bi,instate_onlinelottocost,BusDate,date,null
fc_entdata_gold,cdm_bi,instate_onlinelottocost,date_key,int,null
fc_entdata_gold,cdm_bi,instate_onlinelottocost,State,string,null
fc_entdata_gold,cdm_bi,instate_onlinelottocost,CostAmount,"decimal(25,4)",null
fc_entdata_gold,cdm_bi,instate_onlinelottocost,created_date,timestamp,null
fc_entdata_gold,cdm_bi,instate_onlinelottocost,updated_date,timestamp,null
fc_entdata_gold,cdm_bi,instate_onlinelottocost,created_by,string,null
fc_entdata_gold,cdm_bi,instate_onlinelottocost,updated_by,string,null
fc_entdata_gold,cdm_bi,instate_onlinelottocost,Catalog,fc_entdata_gold,
fc_entdata_gold,cdm_bi,instate_onlinelottocost,Database,cdm_bi,
fc_entdata_gold,cdm_bi,instate_onlinelottocost,Table,instate_onlinelottocost,
fc_entdata_gold,cdm_bi,instate_onlinelottocost,Created Time,Thu Jan 15 17:27:28 UTC 2026,
fc_entdata_gold,cdm_bi,instate_onlinelottocost,Last Access,UNKNOWN,
fc_entdata_gold,cdm_bi,instate_onlinelottocost,Created By,Spark ,
fc_entdata_gold,cdm_bi,instate_onlinelottocost,Type,FOREIGN,
fc_entdata_gold,cdm_bi,instate_onlinelottocost,Provider,databricks,
fc_entdata_gold,cdm_bi,instate_onlinelottocost,Owner,omry7478@retailer.com,
fc_entdata_gold,cdm_bi,instate_onlinelottocost,Table Properties,[],
fc_entdata_gold,cdm_bi,opis_competitor,our_store_opis_id,string,null
fc_entdata_gold,cdm_bi,opis_competitor,our_store_number,string,null
fc_entdata_gold,cdm_bi,opis_competitor,our_store_lat,string,null
fc_entdata_gold,cdm_bi,opis_competitor,our_store_long,string,null
fc_entdata_gold,cdm_bi,opis_competitor,competitor_create_date,date,null
fc_entdata_gold,cdm_bi,opis_competitor,competitor_store_brand,string,null
fc_entdata_gold,cdm_bi,opis_competitor,competitor_opis_id,string,null
fc_entdata_gold,cdm_bi,opis_competitor,competitor_lat,string,null
fc_entdata_gold,cdm_bi,opis_competitor,competitor_long,string,null
fc_entdata_gold,cdm_bi,opis_competitor,competitor_distance,double,null
fc_entdata_gold,cdm_bi,opis_competitor,loadtime,timestamp,null
fc_entdata_gold,cdm_bi,opis_competitor,Catalog,fc_entdata_gold,
fc_entdata_gold,cdm_bi,opis_competitor,Database,cdm_bi,
fc_entdata_gold,cdm_bi,opis_competitor,Table,opis_competitor,
fc_entdata_gold,cdm_bi,opis_competitor,Created Time,Thu Jan 15 17:27:28 UTC 2026,
fc_entdata_gold,cdm_bi,opis_competitor,Last Access,UNKNOWN,
fc_entdata_gold,cdm_bi,opis_competitor,Created By,Spark ,
fc_entdata_gold,cdm_bi,opis_competitor,Type,FOREIGN,
fc_entdata_gold,cdm_bi,opis_competitor,Provider,databricks,
fc_entdata_gold,cdm_bi,opis_competitor,Owner,omry7478@retailer.com,
fc_entdata_gold,cdm_bi,opis_competitor,Table Properties,[],
fc_entdata_gold,cdm_bi,opis_price_live,opis_price_live_id,string,null
fc_entdata_gold,cdm_bi,opis_price_live,date,date,null
fc_entdata_gold,cdm_bi,opis_price_live,date_key,int,null
fc_entdata_gold,cdm_bi,opis_price_live,station_id,string,null
fc_entdata_gold,cdm_bi,opis_price_live,retail_product_id,int,null
fc_entdata_gold,cdm_bi,opis_price_live,price,double,null
fc_entdata_gold,cdm_bi,opis_price_live,time,string,null
fc_entdata_gold,cdm_bi,opis_price_live,utc,timestamp,null
fc_entdata_gold,cdm_bi,opis_price_live,loadtime,string,null
fc_entdata_gold,cdm_bi,opis_price_live,data_src_key,int,null
fc_entdata_gold,cdm_bi,opis_price_live,created_date,timestamp,null
fc_entdata_gold,cdm_bi,opis_price_live,updated_date,timestamp,null
fc_entdata_gold,cdm_bi,opis_price_live,created_by,string,null
fc_entdata_gold,cdm_bi,opis_price_live,updated_by,string,null
fc_entdata_gold,cdm_bi,opis_price_live,Catalog,fc_entdata_gold,
fc_entdata_gold,cdm_bi,opis_price_live,Database,cdm_bi,
fc_entdata_gold,cdm_bi,opis_price_live,Table,opis_price_live,
fc_entdata_gold,cdm_bi,opis_price_live,Created Time,Thu Jan 15 17:27:28 UTC 2026,
fc_entdata_gold,cdm_bi,opis_price_live,Last Access,UNKNOWN,
fc_entdata_gold,cdm_bi,opis_price_live,Created By,Spark ,
fc_entdata_gold,cdm_bi,opis_price_live,Type,FOREIGN,
fc_entdata_gold,cdm_bi,opis_price_live,Provider,databricks,
fc_entdata_gold,cdm_bi,opis_price_live,Owner,omry7478@retailer.com,
fc_entdata_gold,cdm_bi,opis_price_live,Table Properties,[],
fc_entdata_gold,cdm_bi,smmry_credits,credits_key,bigint,null
fc_entdata_gold,cdm_bi,smmry_credits,date_key,int,null
fc_entdata_gold,cdm_bi,smmry_credits,item_key,int,null
fc_entdata_gold,cdm_bi,smmry_credits,vend_key,bigint,null
fc_entdata_gold,cdm_bi,smmry_credits,store_number,int,null
fc_entdata_gold,cdm_bi,smmry_credits,units_ordered,"decimal(38,4)",null
fc_entdata_gold,cdm_bi,smmry_credits,units_received,"decimal(38,4)",null
fc_entdata_gold,cdm_bi,smmry_credits,qty_ordered,"decimal(25,4)",null
fc_entdata_gold,cdm_bi,smmry_credits,qty_received,"decimal(25,4)",null
fc_entdata_gold,cdm_bi,smmry_credits,cost_po,"decimal(25,4)",null
fc_entdata_gold,cdm_bi,smmry_credits,loadtime,timestamp,null
fc_entdata_gold,cdm_bi,smmry_credits,dlyinvchdr_type,string,null
fc_entdata_gold,cdm_bi,smmry_credits,VIN,string,null
fc_entdata_gold,cdm_bi,smmry_credits,reference_num,string,null
fc_entdata_gold,cdm_bi,smmry_credits,created_date,timestamp,null
fc_entdata_gold,cdm_bi,smmry_credits,updated_date,timestamp,null
fc_entdata_gold,cdm_bi,smmry_credits,created_by,string,null
fc_entdata_gold,cdm_bi,smmry_credits,updated_by,string,null
fc_entdata_gold,cdm_bi,smmry_credits,Catalog,fc_entdata_gold,
fc_entdata_gold,cdm_bi,smmry_credits,Database,cdm_bi,
fc_entdata_gold,cdm_bi,smmry_credits,Table,smmry_credits,
fc_entdata_gold,cdm_bi,smmry_credits,Created Time,Thu Jan 15 17:27:28 UTC 2026,
fc_entdata_gold,cdm_bi,smmry_credits,Last Access,UNKNOWN,
fc_entdata_gold,cdm_bi,smmry_credits,Created By,Spark ,
fc_entdata_gold,cdm_bi,smmry_credits,Type,FOREIGN,
fc_entdata_gold,cdm_bi,smmry_credits,Provider,databricks,
fc_entdata_gold,cdm_bi,smmry_credits,Owner,omry7478@retailer.com,
fc_entdata_gold,cdm_bi,smmry_credits,Table Properties,[],
fc_entdata_gold,cdm_bi,smmry_eligible_days_fuel,eligible_days_fuel_key,bigint,null
fc_entdata_gold,cdm_bi,smmry_eligible_days_fuel,store_number,int,null
fc_entdata_gold,cdm_bi,smmry_eligible_days_fuel,src_fuel_prod_key,bigint,null
fc_entdata_gold,cdm_bi,smmry_eligible_days_fuel,date_key,int,null
fc_entdata_gold,cdm_bi,smmry_eligible_days_fuel,loadtime,timestamp,null
fc_entdata_gold,cdm_bi,smmry_eligible_days_fuel,created_by,string,null
fc_entdata_gold,cdm_bi,smmry_eligible_days_fuel,updated_by,string,null
fc_entdata_gold,cdm_bi,smmry_eligible_days_fuel,Catalog,fc_entdata_gold,
fc_entdata_gold,cdm_bi,smmry_eligible_days_fuel,Database,cdm_bi,
fc_entdata_gold,cdm_bi,smmry_eligible_days_fuel,Table,smmry_eligible_days_fuel,
fc_entdata_gold,cdm_bi,smmry_eligible_days_fuel,Created Time,Thu Jan 15 17:27:28 UTC 2026,
fc_entdata_gold,cdm_bi,smmry_eligible_days_fuel,Last Access,UNKNOWN,
fc_entdata_gold,cdm_bi,smmry_eligible_days_fuel,Created By,Spark ,
fc_entdata_gold,cdm_bi,smmry_eligible_days_fuel,Type,FOREIGN,
fc_entdata_gold,cdm_bi,smmry_eligible_days_fuel,Provider,databricks,
fc_entdata_gold,cdm_bi,smmry_eligible_days_fuel,Owner,omry7478@retailer.com,
fc_entdata_gold,cdm_bi,smmry_eligible_days_fuel,Table Properties,[],
fc_entdata_gold,cdm_bi,smmry_eligible_days_inside,eligible_days_inside_key,bigint,null
fc_entdata_gold,cdm_bi,smmry_eligible_days_inside,date_key,int,null
fc_entdata_gold,cdm_bi,smmry_eligible_days_inside,item_key,int,null
fc_entdata_gold,cdm_bi,smmry_eligible_days_inside,store_number,int,null
fc_entdata_gold,cdm_bi,smmry_eligible_days_inside,store_open,int,null
fc_entdata_gold,cdm_bi,smmry_eligible_days_inside,loadtime,timestamp,null
fc_entdata_gold,cdm_bi,smmry_eligible_days_inside,created_by,string,null
fc_entdata_gold,cdm_bi,smmry_eligible_days_inside,updated_by,string,null
fc_entdata_gold,cdm_bi,smmry_eligible_days_inside,Catalog,fc_entdata_gold,
fc_entdata_gold,cdm_bi,smmry_eligible_days_inside,Database,cdm_bi,
fc_entdata_gold,cdm_bi,smmry_eligible_days_inside,Table,smmry_eligible_days_inside,
fc_entdata_gold,cdm_bi,smmry_eligible_days_inside,Created Time,Thu Jan 15 17:27:28 UTC 2026,
fc_entdata_gold,cdm_bi,smmry_eligible_days_inside,Last Access,UNKNOWN,
fc_entdata_gold,cdm_bi,smmry_eligible_days_inside,Created By,Spark ,
fc_entdata_gold,cdm_bi,smmry_eligible_days_inside,Type,FOREIGN,
fc_entdata_gold,cdm_bi,smmry_eligible_days_inside,Provider,databricks,
fc_entdata_gold,cdm_bi,smmry_eligible_days_inside,Owner,omry7478@retailer.com,
fc_entdata_gold,cdm_bi,smmry_eligible_days_inside,Table Properties,[],
fc_entdata_gold,cdm_bi,smmry_fuel_sales,fuelsales_key,bigint,null
fc_entdata_gold,cdm_bi,smmry_fuel_sales,Store_Number,int,null
fc_entdata_gold,cdm_bi,smmry_fuel_sales,item_key,bigint,null
fc_entdata_gold,cdm_bi,smmry_fuel_sales,src_fuel_prod_key,bigint,null
fc_entdata_gold,cdm_bi,smmry_fuel_sales,fuel_desc,string,null
fc_entdata_gold,cdm_bi,smmry_fuel_sales,fuel_group,string,null
fc_entdata_gold,cdm_bi,smmry_fuel_sales,Blended,int,null
fc_entdata_gold,cdm_bi,smmry_fuel_sales,date_key,int,null
fc_entdata_gold,cdm_bi,smmry_fuel_sales,Units_Sold,"decimal(38,2)",null
fc_entdata_gold,cdm_bi,smmry_fuel_sales,Retail_Sales,"decimal(38,2)",null
fc_entdata_gold,cdm_bi,smmry_fuel_sales,Cost_Sales,"decimal(38,2)",null
fc_entdata_gold,cdm_bi,smmry_fuel_sales,Back_Court_flg,int,null
fc_entdata_gold,cdm_bi,smmry_fuel_sales,created_date,timestamp,null
fc_entdata_gold,cdm_bi,smmry_fuel_sales,updated_date,timestamp,null
fc_entdata_gold,cdm_bi,smmry_fuel_sales,created_by,string,null
fc_entdata_gold,cdm_bi,smmry_fuel_sales,updated_by,string,null
fc_entdata_gold,cdm_bi,smmry_fuel_sales,Catalog,fc_entdata_gold,
fc_entdata_gold,cdm_bi,smmry_fuel_sales,Database,cdm_bi,
fc_entdata_gold,cdm_bi,smmry_fuel_sales,Table,smmry_fuel_sales,
fc_entdata_gold,cdm_bi,smmry_fuel_sales,Created Time,Tue Mar 11 21:13:02 UTC 2025,
fc_entdata_gold,cdm_bi,smmry_fuel_sales,Last Access,UNKNOWN,
fc_entdata_gold,cdm_bi,smmry_fuel_sales,Created By,Spark ,
fc_entdata_gold,cdm_bi,smmry_fuel_sales,Type,FOREIGN,
fc_entdata_gold,cdm_bi,smmry_fuel_sales,Provider,databricks,
fc_entdata_gold,cdm_bi,smmry_fuel_sales,Owner,omry7478@retailer.com,
fc_entdata_gold,cdm_bi,smmry_fuel_sales,Table Properties,[],
fc_entdata_gold,cdm_bi,smmry_gb_only_prices,GBOnlyPrices_ID,string,null
fc_entdata_gold,cdm_bi,smmry_gb_only_prices,Date_Key,int,null
fc_entdata_gold,cdm_bi,smmry_gb_only_prices,Station_ID,string,null
fc_entdata_gold,cdm_bi,smmry_gb_only_prices,Retail_Product_ID,string,null
fc_entdata_gold,cdm_bi,smmry_gb_only_prices,Price,"decimal(19,4)",null
fc_entdata_gold,cdm_bi,smmry_gb_only_prices,Time,string,null
fc_entdata_gold,cdm_bi,smmry_gb_only_prices,UTC,timestamp,null
fc_entdata_gold,cdm_bi,smmry_gb_only_prices,loadtime,timestamp,null
fc_entdata_gold,cdm_bi,smmry_gb_only_prices,created_date,timestamp,null
fc_entdata_gold,cdm_bi,smmry_gb_only_prices,updated_date,timestamp,null
fc_entdata_gold,cdm_bi,smmry_gb_only_prices,created_by,string,null
fc_entdata_gold,cdm_bi,smmry_gb_only_prices,updated_by,string,null
fc_entdata_gold,cdm_bi,smmry_gb_only_prices,Catalog,fc_entdata_gold,
fc_entdata_gold,cdm_bi,smmry_gb_only_prices,Database,cdm_bi,
fc_entdata_gold,cdm_bi,smmry_gb_only_prices,Table,smmry_gb_only_prices,
fc_entdata_gold,cdm_bi,smmry_gb_only_prices,Created Time,Thu Jan 15 17:27:28 UTC 2026,
fc_entdata_gold,cdm_bi,smmry_gb_only_prices,Last Access,UNKNOWN,
fc_entdata_gold,cdm_bi,smmry_gb_only_prices,Created By,Spark ,
fc_entdata_gold,cdm_bi,smmry_gb_only_prices,Type,FOREIGN,
fc_entdata_gold,cdm_bi,smmry_gb_only_prices,Provider,databricks,
fc_entdata_gold,cdm_bi,smmry_gb_only_prices,Owner,omry7478@retailer.com,
fc_entdata_gold,cdm_bi,smmry_gb_only_prices,Table Properties,[],
fc_entdata_gold,cdm_bi,smmry_guestcounts,guestcount_key,bigint,null
fc_entdata_gold,cdm_bi,smmry_guestcounts,date_key,int,null
fc_entdata_gold,cdm_bi,smmry_guestcounts,store_number,int,null
fc_entdata_gold,cdm_bi,smmry_guestcounts,ShopCustomers,int,null
fc_entdata_gold,cdm_bi,smmry_guestcounts,FuelCustomers,int,null
fc_entdata_gold,cdm_bi,smmry_guestcounts,DualCustomers,int,null
fc_entdata_gold,cdm_bi,smmry_guestcounts,TotalCustomers,int,null
fc_entdata_gold,cdm_bi,smmry_guestcounts,estimate_shopcustomers,int,null
fc_entdata_gold,cdm_bi,smmry_guestcounts,estimate_fuelcustomers,int,null
fc_entdata_gold,cdm_bi,smmry_guestcounts,estimate_dualcustomers,int,null
fc_entdata_gold,cdm_bi,smmry_guestcounts,estimate_totalcustomers,int,null
fc_entdata_gold,cdm_bi,smmry_guestcounts,loadtime,timestamp,null
fc_entdata_gold,cdm_bi,smmry_guestcounts,created_date,timestamp,null
fc_entdata_gold,cdm_bi,smmry_guestcounts,updated_date,timestamp,null
fc_entdata_gold,cdm_bi,smmry_guestcounts,created_by,string,null
fc_entdata_gold,cdm_bi,smmry_guestcounts,updated_by,string,null
fc_entdata_gold,cdm_bi,smmry_guestcounts,Catalog,fc_entdata_gold,
fc_entdata_gold,cdm_bi,smmry_guestcounts,Database,cdm_bi,
fc_entdata_gold,cdm_bi,smmry_guestcounts,Table,smmry_guestcounts,
fc_entdata_gold,cdm_bi,smmry_guestcounts,Created Time,Thu Jan 15 17:27:29 UTC 2026,
fc_entdata_gold,cdm_bi,smmry_guestcounts,Last Access,UNKNOWN,
fc_entdata_gold,cdm_bi,smmry_guestcounts,Created By,Spark ,
fc_entdata_gold,cdm_bi,smmry_guestcounts,Type,FOREIGN,
fc_entdata_gold,cdm_bi,smmry_guestcounts,Provider,databricks,
fc_entdata_gold,cdm_bi,smmry_guestcounts,Owner,omry7478@retailer.com,
fc_entdata_gold,cdm_bi,smmry_guestcounts,Table Properties,[],
fc_entdata_gold,cdm_bi,smmry_inventory,inventory_key,bigint,null
fc_entdata_gold,cdm_bi,smmry_inventory,date_key,int,null
fc_entdata_gold,cdm_bi,smmry_inventory,store_number,bigint,null
fc_entdata_gold,cdm_bi,smmry_inventory,item_key,bigint,null
fc_entdata_gold,cdm_bi,smmry_inventory,begin_quantity,"decimal(25,4)",null
fc_entdata_gold,cdm_bi,smmry_inventory,begin_cost,"decimal(25,4)",null
fc_entdata_gold,cdm_bi,smmry_inventory,purchase_quantity,"decimal(25,4)",null
fc_entdata_gold,cdm_bi,smmry_inventory,purchase_cost,"decimal(25,4)",null
fc_entdata_gold,cdm_bi,smmry_inventory,xfer_in_quantity,"decimal(25,4)",null
fc_entdata_gold,cdm_bi,smmry_inventory,xfer_in_cost,"decimal(25,4)",null
fc_entdata_gold,cdm_bi,smmry_inventory,sales_quantity,"decimal(25,4)",null
fc_entdata_gold,cdm_bi,smmry_inventory,sales_cost,"decimal(25,4)",null
fc_entdata_gold,cdm_bi,smmry_inventory,sales_retail,"decimal(25,4)",null
fc_entdata_gold,cdm_bi,smmry_inventory,xfer_out_quantity,"decimal(25,4)",null
fc_entdata_gold,cdm_bi,smmry_inventory,xfer_out_cost,"decimal(25,4)",null
fc_entdata_gold,cdm_bi,smmry_inventory,adj_quantity,"decimal(25,4)",null
fc_entdata_gold,cdm_bi,smmry_inventory,adj_cost,"decimal(25,4)",null
fc_entdata_gold,cdm_bi,smmry_inventory,bad_merch_quantity,"decimal(25,4)",null
fc_entdata_gold,cdm_bi,smmry_inventory,store_use_quantity,"decimal(25,4)",null
fc_entdata_gold,cdm_bi,smmry_inventory,waste_quantity,"decimal(25,4)",null
fc_entdata_gold,cdm_bi,smmry_inventory,spoilage_quantity,"decimal(25,4)",null
fc_entdata_gold,cdm_bi,smmry_inventory,audit_adj_quantity,"decimal(25,4)",null
fc_entdata_gold,cdm_bi,smmry_inventory,neg_inventory_quantity,"decimal(25,4)",null
fc_entdata_gold,cdm_bi,smmry_inventory,neg_inventory_cost,"decimal(25,4)",null
fc_entdata_gold,cdm_bi,smmry_inventory,audit_quantity,"decimal(25,4)",null
fc_entdata_gold,cdm_bi,smmry_inventory,ending_quantity,"decimal(25,4)",null
fc_entdata_gold,cdm_bi,smmry_inventory,ending_cost,"decimal(25,4)",null
fc_entdata_gold,cdm_bi,smmry_inventory,ending_WAC,"decimal(25,7)",null
fc_entdata_gold,cdm_bi,smmry_inventory,loaddttm,string,null
fc_entdata_gold,cdm_bi,smmry_inventory,ts_bigint,bigint,null
fc_entdata_gold,cdm_bi,smmry_inventory,created_date,timestamp,null
fc_entdata_gold,cdm_bi,smmry_inventory,updated_date,timestamp,null
fc_entdata_gold,cdm_bi,smmry_inventory,created_by,string,null
fc_entdata_gold,cdm_bi,smmry_inventory,updated_by,string,null
fc_entdata_gold,cdm_bi,smmry_inventory,Catalog,fc_entdata_gold,
fc_entdata_gold,cdm_bi,smmry_inventory,Database,cdm_bi,
fc_entdata_gold,cdm_bi,smmry_inventory,Table,smmry_inventory,
fc_entdata_gold,cdm_bi,smmry_inventory,Created Time,Tue Mar 11 21:13:02 UTC 2025,
fc_entdata_gold,cdm_bi,smmry_inventory,Last Access,UNKNOWN,
fc_entdata_gold,cdm_bi,smmry_inventory,Created By,Spark ,
fc_entdata_gold,cdm_bi,smmry_inventory,Type,FOREIGN,
fc_entdata_gold,cdm_bi,smmry_inventory,Provider,databricks,
fc_entdata_gold,cdm_bi,smmry_inventory,Owner,omry7478@retailer.com,
fc_entdata_gold,cdm_bi,smmry_inventory,Table Properties,[],
fc_entdata_gold,cdm_bi,smmry_inventory_balance,inv_balance_key,bigint,null
fc_entdata_gold,cdm_bi,smmry_inventory_balance,date_key,int,null
fc_entdata_gold,cdm_bi,smmry_inventory_balance,store_number,int,null
fc_entdata_gold,cdm_bi,smmry_inventory_balance,item_key,int,null
fc_entdata_gold,cdm_bi,smmry_inventory_balance,ending_qty,"decimal(25,4)",null
fc_entdata_gold,cdm_bi,smmry_inventory_balance,ending_WAC,"decimal(25,7)",null
fc_entdata_gold,cdm_bi,smmry_inventory_balance,loadtime,timestamp,null
fc_entdata_gold,cdm_bi,smmry_inventory_balance,created_date,timestamp,null
fc_entdata_gold,cdm_bi,smmry_inventory_balance,updated_date,timestamp,null
fc_entdata_gold,cdm_bi,smmry_inventory_balance,created_by,string,null
fc_entdata_gold,cdm_bi,smmry_inventory_balance,updated_by,string,null
fc_entdata_gold,cdm_bi,smmry_inventory_balance,item_number,int,null
fc_entdata_gold,cdm_bi,smmry_inventory_balance,Catalog,fc_entdata_gold,
fc_entdata_gold,cdm_bi,smmry_inventory_balance,Database,cdm_bi,
fc_entdata_gold,cdm_bi,smmry_inventory_balance,Table,smmry_inventory_balance,
fc_entdata_gold,cdm_bi,smmry_inventory_balance,Created Time,Thu Jan 15 17:27:29 UTC 2026,
fc_entdata_gold,cdm_bi,smmry_inventory_balance,Last Access,UNKNOWN,
fc_entdata_gold,cdm_bi,smmry_inventory_balance,Created By,Spark ,
fc_entdata_gold,cdm_bi,smmry_inventory_balance,Type,FOREIGN,
fc_entdata_gold,cdm_bi,smmry_inventory_balance,Provider,databricks,
fc_entdata_gold,cdm_bi,smmry_inventory_balance,Owner,omry7478@retailer.com,
fc_entdata_gold,cdm_bi,smmry_inventory_balance,Table Properties,[],
fc_entdata_gold,cdm_bi,smmry_labor,labor_key,bigint,null
fc_entdata_gold,cdm_bi,smmry_labor,store_number,int,null
fc_entdata_gold,cdm_bi,smmry_labor,transaction_date_key,int,null
fc_entdata_gold,cdm_bi,smmry_labor,entry_date_key,int,null
fc_entdata_gold,cdm_bi,smmry_labor,labor_hours,"decimal(25,2)",null
fc_entdata_gold,cdm_bi,smmry_labor,labor_amount,"decimal(25,2)",null
fc_entdata_gold,cdm_bi,smmry_labor,labor_type,string,null
fc_entdata_gold,cdm_bi,smmry_labor,labor_position,string,null
fc_entdata_gold,cdm_bi,smmry_labor,check_date_key,int,null
fc_entdata_gold,cdm_bi,smmry_labor,result_type,string,null
fc_entdata_gold,cdm_bi,smmry_labor,loadtime,timestamp,null
fc_entdata_gold,cdm_bi,smmry_labor,created_by,string,null
fc_entdata_gold,cdm_bi,smmry_labor,updated_by,string,null
fc_entdata_gold,cdm_bi,smmry_labor,Catalog,fc_entdata_gold,
fc_entdata_gold,cdm_bi,smmry_labor,Database,cdm_bi,
fc_entdata_gold,cdm_bi,smmry_labor,Table,smmry_labor,
fc_entdata_gold,cdm_bi,smmry_labor,Created Time,Thu Jan 15 17:27:29 UTC 2026,
fc_entdata_gold,cdm_bi,smmry_labor,Last Access,UNKNOWN,
fc_entdata_gold,cdm_bi,smmry_labor,Created By,Spark ,
fc_entdata_gold,cdm_bi,smmry_labor,Type,FOREIGN,
fc_entdata_gold,cdm_bi,smmry_labor,Provider,databricks,
fc_entdata_gold,cdm_bi,smmry_labor,Owner,omry7478@retailer.com,
fc_entdata_gold,cdm_bi,smmry_labor,Table Properties,[],
fc_entdata_gold,cdm_bi,smmry_orders,orders_key,bigint,null
fc_entdata_gold,cdm_bi,smmry_orders,Vend_ID,string,null
fc_entdata_gold,cdm_bi,smmry_orders,store_number,int,null
fc_entdata_gold,cdm_bi,smmry_orders,item_key,bigint,null
fc_entdata_gold,cdm_bi,smmry_orders,Sched_deliv_datekey,int,null
fc_entdata_gold,cdm_bi,smmry_orders,PO_Number,string,null
fc_entdata_gold,cdm_bi,smmry_orders,Type,string,null
fc_entdata_gold,cdm_bi,smmry_orders,Order_Due_DateTime,timestamp,null
fc_entdata_gold,cdm_bi,smmry_orders,Sched_Deliv_DateTime,timestamp,null
fc_entdata_gold,cdm_bi,smmry_orders,Next_Sched_Deliv_DateTime,timestamp,null
fc_entdata_gold,cdm_bi,smmry_orders,Status_cd,int,null
fc_entdata_gold,cdm_bi,smmry_orders,Created_DateTime,timestamp,null
fc_entdata_gold,cdm_bi,smmry_orders,Last_Calc_DateTime,timestamp,null
fc_entdata_gold,cdm_bi,smmry_orders,Submitted_DateTime,timestamp,null
fc_entdata_gold,cdm_bi,smmry_orders,Adj_Forecast_By,int,null
fc_entdata_gold,cdm_bi,smmry_orders,Forecast_Adj_Pct,"decimal(25,4)",null
fc_entdata_gold,cdm_bi,smmry_orders,HH_Review_Status_cd,int,null
fc_entdata_gold,cdm_bi,smmry_orders,VendItem_Number,string,null
fc_entdata_gold,cdm_bi,smmry_orders,Item_Number,int,null
fc_entdata_gold,cdm_bi,smmry_orders,Pack_Qty,int,null
fc_entdata_gold,cdm_bi,smmry_orders,VendItem_Key,int,null
fc_entdata_gold,cdm_bi,smmry_orders,Ordering_Method,string,null
fc_entdata_gold,cdm_bi,smmry_orders,Max_Order,int,null
fc_entdata_gold,cdm_bi,smmry_orders,Stock_Adj_Method,int,null
fc_entdata_gold,cdm_bi,smmry_orders,Adj_Calc_Method,int,null
fc_entdata_gold,cdm_bi,smmry_orders,Curr_OH,"decimal(25,4)",null
fc_entdata_gold,cdm_bi,smmry_orders,Curr_OH_Days,int,null
fc_entdata_gold,cdm_bi,smmry_orders,Last_Audit_Date,timestamp,null
fc_entdata_gold,cdm_bi,smmry_orders,Last_Activity_Date,timestamp,null
fc_entdata_gold,cdm_bi,smmry_orders,Last_OH,"decimal(25,4)",null
fc_entdata_gold,cdm_bi,smmry_orders,Orig_OH,"decimal(25,4)",null
fc_entdata_gold,cdm_bi,smmry_orders,OH_At_Deliv,"decimal(25,4)",null
fc_entdata_gold,cdm_bi,smmry_orders,Ideal_OH_At_Deliv,"decimal(25,4)",null
fc_entdata_gold,cdm_bi,smmry_orders,Min_OH_Option_cd,int,null
fc_entdata_gold,cdm_bi,smmry_orders,Min_OH,"decimal(25,4)",null
fc_entdata_gold,cdm_bi,smmry_orders,Min_Days_OH,int,null
fc_entdata_gold,cdm_bi,smmry_orders,Min_Days_OH_Units,"decimal(25,4)",null
fc_entdata_gold,cdm_bi,smmry_orders,Days_OH_Warn_Below,int,null
fc_entdata_gold,cdm_bi,smmry_orders,Days_OH_Warn_Above,int,null
fc_entdata_gold,cdm_bi,smmry_orders,Pending_Deliv,"decimal(25,4)",null
fc_entdata_gold,cdm_bi,smmry_orders,Pending_Dist,"decimal(25,4)",null
fc_entdata_gold,cdm_bi,smmry_orders,Avg_Purchases_Same_Day,"decimal(25,4)",null
fc_entdata_gold,cdm_bi,smmry_orders,Avg_Weekly_Purchases,"decimal(25,4)",null
fc_entdata_gold,cdm_bi,smmry_orders,Estimated_Weekly_Sales,"decimal(25,4)",null
fc_entdata_gold,cdm_bi,smmry_orders,Sales_Since_Last_Order,"decimal(25,4)",null
fc_entdata_gold,cdm_bi,smmry_orders,Est_Sales_Before_Deliv,"decimal(25,4)",null
fc_entdata_gold,cdm_bi,smmry_orders,Est_Sales_Between_Deliv,"decimal(25,4)",null
fc_entdata_gold,cdm_bi,smmry_orders,Avg_Order,"decimal(25,4)",null
fc_entdata_gold,cdm_bi,smmry_orders,Avg_Order_Same_Day,"decimal(25,4)",null
fc_entdata_gold,cdm_bi,smmry_orders,Stock_Adj,"decimal(25,4)",null
fc_entdata_gold,cdm_bi,smmry_orders,Raw_Suggested_Units,"decimal(25,4)",null
fc_entdata_gold,cdm_bi,smmry_orders,Raw_Suggested,"decimal(25,4)",null
fc_entdata_gold,cdm_bi,smmry_orders,Suggested,"decimal(25,4)",null
fc_entdata_gold,cdm_bi,smmry_orders,Actual,"decimal(25,4)",null
fc_entdata_gold,cdm_bi,smmry_orders,Min_Ord_Adj,"decimal(25,4)",null
fc_entdata_gold,cdm_bi,smmry_orders,Final,"decimal(25,4)",null
fc_entdata_gold,cdm_bi,smmry_orders,loadtime,timestamp,null
fc_entdata_gold,cdm_bi,smmry_orders,created_by,string,null
fc_entdata_gold,cdm_bi,smmry_orders,updated_by,string,null
fc_entdata_gold,cdm_bi,smmry_orders,Catalog,fc_entdata_gold,
fc_entdata_gold,cdm_bi,smmry_orders,Database,cdm_bi,
fc_entdata_gold,cdm_bi,smmry_orders,Table,smmry_orders,
fc_entdata_gold,cdm_bi,smmry_orders,Created Time,Thu Jan 15 17:27:29 UTC 2026,
fc_entdata_gold,cdm_bi,smmry_orders,Last Access,UNKNOWN,
fc_entdata_gold,cdm_bi,smmry_orders,Created By,Spark ,
fc_entdata_gold,cdm_bi,smmry_orders,Type,FOREIGN,
fc_entdata_gold,cdm_bi,smmry_orders,Provider,databricks,
fc_entdata_gold,cdm_bi,smmry_orders,Owner,omry7478@retailer.com,
fc_entdata_gold,cdm_bi,smmry_orders,Table Properties,[],
fc_entdata_gold,cdm_bi,smmry_purchases,purchase_key,bigint,null
fc_entdata_gold,cdm_bi,smmry_purchases,date_key,int,null
fc_entdata_gold,cdm_bi,smmry_purchases,item_key,int,null
fc_entdata_gold,cdm_bi,smmry_purchases,vend_key,bigint,null
fc_entdata_gold,cdm_bi,smmry_purchases,store_number,int,null
fc_entdata_gold,cdm_bi,smmry_purchases,units_ordered,"decimal(38,4)",null
fc_entdata_gold,cdm_bi,smmry_purchases,units_received,"decimal(38,4)",null
fc_entdata_gold,cdm_bi,smmry_purchases,units_suggested,"decimal(25,2)",null
fc_entdata_gold,cdm_bi,smmry_purchases,quantity_ordered,"decimal(25,2)",null
fc_entdata_gold,cdm_bi,smmry_purchases,quantity_suggested,"decimal(25,2)",null
fc_entdata_gold,cdm_bi,smmry_purchases,quantity_received,"decimal(25,2)",null
fc_entdata_gold,cdm_bi,smmry_purchases,cost_po,"decimal(25,2)",null
fc_entdata_gold,cdm_bi,smmry_purchases,loadtime,timestamp,null
fc_entdata_gold,cdm_bi,smmry_purchases,dlyinvchdr_type,string,null
fc_entdata_gold,cdm_bi,smmry_purchases,VIN,string,null
fc_entdata_gold,cdm_bi,smmry_purchases,po_number,string,null
fc_entdata_gold,cdm_bi,smmry_purchases,created_date,timestamp,null
fc_entdata_gold,cdm_bi,smmry_purchases,updated_date,timestamp,null
fc_entdata_gold,cdm_bi,smmry_purchases,created_by,string,null
fc_entdata_gold,cdm_bi,smmry_purchases,updated_by,string,null
fc_entdata_gold,cdm_bi,smmry_purchases,Catalog,fc_entdata_gold,
fc_entdata_gold,cdm_bi,smmry_purchases,Database,cdm_bi,
fc_entdata_gold,cdm_bi,smmry_purchases,Table,smmry_purchases,
fc_entdata_gold,cdm_bi,smmry_purchases,Created Time,Tue Mar 11 21:13:02 UTC 2025,
fc_entdata_gold,cdm_bi,smmry_purchases,Last Access,UNKNOWN,
fc_entdata_gold,cdm_bi,smmry_purchases,Created By,Spark ,
fc_entdata_gold,cdm_bi,smmry_purchases,Type,FOREIGN,
fc_entdata_gold,cdm_bi,smmry_purchases,Provider,databricks,
fc_entdata_gold,cdm_bi,smmry_purchases,Owner,omry7478@retailer.com,
fc_entdata_gold,cdm_bi,smmry_purchases,Table Properties,[],
fc_entdata_gold,cdm_bi,smmry_radiant_refund_rw,refunds_key,bigint,null
fc_entdata_gold,cdm_bi,smmry_radiant_refund_rw,Store_num,int,null
fc_entdata_gold,cdm_bi,smmry_radiant_refund_rw,txn_ID,bigint,null
fc_entdata_gold,cdm_bi,smmry_radiant_refund_rw,Business_Date,date,null
fc_entdata_gold,cdm_bi,smmry_radiant_refund_rw,date_key,int,null
fc_entdata_gold,cdm_bi,smmry_radiant_refund_rw,Register_ID,int,null
fc_entdata_gold,cdm_bi,smmry_radiant_refund_rw,Cashier_ID,string,null
fc_entdata_gold,cdm_bi,smmry_radiant_refund_rw,Offline_Flag,string,null
fc_entdata_gold,cdm_bi,smmry_radiant_refund_rw,Suspend_flag,string,null
fc_entdata_gold,cdm_bi,smmry_radiant_refund_rw,Shift_num,bigint,null
fc_entdata_gold,cdm_bi,smmry_radiant_refund_rw,Sub_total,"decimal(25,4)",null
fc_entdata_gold,cdm_bi,smmry_radiant_refund_rw,outside_sales_flag,string,null
fc_entdata_gold,cdm_bi,smmry_radiant_refund_rw,total_gross_amt,"decimal(25,4)",null
fc_entdata_gold,cdm_bi,smmry_radiant_refund_rw,total_net_amt,"decimal(25,4)",null
fc_entdata_gold,cdm_bi,smmry_radiant_refund_rw,total_tax_amt,"decimal(25,4)",null
fc_entdata_gold,cdm_bi,smmry_radiant_refund_rw,TotalTaxNet,"decimal(25,4)",null
fc_entdata_gold,cdm_bi,smmry_radiant_refund_rw,Status,string,null
fc_entdata_gold,cdm_bi,smmry_radiant_refund_rw,prd_type,string,null
fc_entdata_gold,cdm_bi,smmry_radiant_refund_rw,txn_type,string,null
fc_entdata_gold,cdm_bi,smmry_radiant_refund_rw,position_id,int,null
fc_entdata_gold,cdm_bi,smmry_radiant_refund_rw,grade_id,bigint,null
fc_entdata_gold,cdm_bi,smmry_radiant_refund_rw,merch_hierarchy,bigint,null
fc_entdata_gold,cdm_bi,smmry_radiant_refund_rw,poscd_modifier_nm,string,null
fc_entdata_gold,cdm_bi,smmry_radiant_refund_rw,item_upc_cd,bigint,null
fc_entdata_gold,cdm_bi,smmry_radiant_refund_rw,poscd_format,string,null
fc_entdata_gold,cdm_bi,smmry_radiant_refund_rw,item_desc,string,null
fc_entdata_gold,cdm_bi,smmry_radiant_refund_rw,entry_method,string,null
fc_entdata_gold,cdm_bi,smmry_radiant_refund_rw,regular_sales_prc,"decimal(25,4)",null
fc_entdata_gold,cdm_bi,smmry_radiant_refund_rw,actual_sales_prc,"decimal(25,4)",null
fc_entdata_gold,cdm_bi,smmry_radiant_refund_rw,sales_qty,"decimal(25,4)",null
fc_entdata_gold,cdm_bi,smmry_radiant_refund_rw,sales_amt,"decimal(25,4)",null
fc_entdata_gold,cdm_bi,smmry_radiant_refund_rw,selling_units,"decimal(25,4)",null
fc_entdata_gold,cdm_bi,smmry_radiant_refund_rw,item_type_cd,string,null
fc_entdata_gold,cdm_bi,smmry_radiant_refund_rw,sales_restriction,string,null
fc_entdata_gold,cdm_bi,smmry_radiant_refund_rw,ingest_time_stamp,timestamp,null
fc_entdata_gold,cdm_bi,smmry_radiant_refund_rw,og_prepay_transaction_id,bigint,null
fc_entdata_gold,cdm_bi,smmry_radiant_refund_rw,detail_line_num,int,null
fc_entdata_gold,cdm_bi,smmry_radiant_refund_rw,target_line_num,int,null
fc_entdata_gold,cdm_bi,smmry_radiant_refund_rw,tax_itemizer_mask,string,null
fc_entdata_gold,cdm_bi,smmry_radiant_refund_rw,orgnl_tax_itemizer_mask,float,null
fc_entdata_gold,cdm_bi,smmry_radiant_refund_rw,cust_id,string,null
fc_entdata_gold,cdm_bi,smmry_radiant_refund_rw,discnt_reason,string,null
fc_entdata_gold,cdm_bi,smmry_radiant_refund_rw,created_date,timestamp,null
fc_entdata_gold,cdm_bi,smmry_radiant_refund_rw,updated_date,timestamp,null
fc_entdata_gold,cdm_bi,smmry_radiant_refund_rw,created_by,string,null
fc_entdata_gold,cdm_bi,smmry_radiant_refund_rw,updated_by,string,null
fc_entdata_gold,cdm_bi,smmry_radiant_refund_rw,Catalog,fc_entdata_gold,
fc_entdata_gold,cdm_bi,smmry_radiant_refund_rw,Database,cdm_bi,
fc_entdata_gold,cdm_bi,smmry_radiant_refund_rw,Table,smmry_radiant_refund_rw,
fc_entdata_gold,cdm_bi,smmry_radiant_refund_rw,Created Time,Thu Jan 15 17:27:29 UTC 2026,
fc_entdata_gold,cdm_bi,smmry_radiant_refund_rw,Last Access,UNKNOWN,
fc_entdata_gold,cdm_bi,smmry_radiant_refund_rw,Created By,Spark ,
fc_entdata_gold,cdm_bi,smmry_radiant_refund_rw,Type,FOREIGN,
fc_entdata_gold,cdm_bi,smmry_radiant_refund_rw,Provider,databricks,
fc_entdata_gold,cdm_bi,smmry_radiant_refund_rw,Owner,omry7478@retailer.com,
fc_entdata_gold,cdm_bi,smmry_radiant_refund_rw,Table Properties,[],
fc_entdata_gold,cdm_bi,smmry_radiant_void_rw,void_key,bigint,null
fc_entdata_gold,cdm_bi,smmry_radiant_void_rw,Store_num,int,null
fc_entdata_gold,cdm_bi,smmry_radiant_void_rw,txn_ID,bigint,null
fc_entdata_gold,cdm_bi,smmry_radiant_void_rw,Business_Date,date,null
fc_entdata_gold,cdm_bi,smmry_radiant_void_rw,Register_ID,int,null
fc_entdata_gold,cdm_bi,smmry_radiant_void_rw,Cashier_ID,string,null
fc_entdata_gold,cdm_bi,smmry_radiant_void_rw,Offline_Flag,string,null
fc_entdata_gold,cdm_bi,smmry_radiant_void_rw,Suspend_flag,string,null
fc_entdata_gold,cdm_bi,smmry_radiant_void_rw,Shift_num,bigint,null
fc_entdata_gold,cdm_bi,smmry_radiant_void_rw,Sub_total,float,null
fc_entdata_gold,cdm_bi,smmry_radiant_void_rw,outside_sales_flag,string,null
fc_entdata_gold,cdm_bi,smmry_radiant_void_rw,total_gross_amt,"decimal(38,3)",null
fc_entdata_gold,cdm_bi,smmry_radiant_void_rw,total_net_amt,"decimal(38,3)",null
fc_entdata_gold,cdm_bi,smmry_radiant_void_rw,total_tax_sales_amt,"decimal(38,3)",null
fc_entdata_gold,cdm_bi,smmry_radiant_void_rw,TotalTaxNet,"decimal(38,3)",null
fc_entdata_gold,cdm_bi,smmry_radiant_void_rw,Status,string,null
fc_entdata_gold,cdm_bi,smmry_radiant_void_rw,prd_type,string,null
fc_entdata_gold,cdm_bi,smmry_radiant_void_rw,txn_type,string,null
fc_entdata_gold,cdm_bi,smmry_radiant_void_rw,position_id,int,null
fc_entdata_gold,cdm_bi,smmry_radiant_void_rw,grade_id,bigint,null
fc_entdata_gold,cdm_bi,smmry_radiant_void_rw,merch_hierarchy,bigint,null
fc_entdata_gold,cdm_bi,smmry_radiant_void_rw,poscd_modifier_nm,string,null
fc_entdata_gold,cdm_bi,smmry_radiant_void_rw,item_upc_code,bigint,null
fc_entdata_gold,cdm_bi,smmry_radiant_void_rw,poscd_format,string,null
fc_entdata_gold,cdm_bi,smmry_radiant_void_rw,item_desc,string,null
fc_entdata_gold,cdm_bi,smmry_radiant_void_rw,entry_method,string,null
fc_entdata_gold,cdm_bi,smmry_radiant_void_rw,regular_sales_prc,float,null
fc_entdata_gold,cdm_bi,smmry_radiant_void_rw,actual_sales_prc,float,null
fc_entdata_gold,cdm_bi,smmry_radiant_void_rw,sales_qty,float,null
fc_entdata_gold,cdm_bi,smmry_radiant_void_rw,sales_amt,float,null
fc_entdata_gold,cdm_bi,smmry_radiant_void_rw,selling_units,"decimal(18,2)",null
fc_entdata_gold,cdm_bi,smmry_radiant_void_rw,item_type_cd,string,null
fc_entdata_gold,cdm_bi,smmry_radiant_void_rw,sales_restriction,string,null
fc_entdata_gold,cdm_bi,smmry_radiant_void_rw,ingest_time_stamp,timestamp,null
fc_entdata_gold,cdm_bi,smmry_radiant_void_rw,detail_line_num,int,null
fc_entdata_gold,cdm_bi,smmry_radiant_void_rw,tax_itemizer_mask,string,null
fc_entdata_gold,cdm_bi,smmry_radiant_void_rw,cust_id,string,null
fc_entdata_gold,cdm_bi,smmry_radiant_void_rw,discnt_reason,string,null
fc_entdata_gold,cdm_bi,smmry_radiant_void_rw,created_date,timestamp,null
fc_entdata_gold,cdm_bi,smmry_radiant_void_rw,updated_date,timestamp,null
fc_entdata_gold,cdm_bi,smmry_radiant_void_rw,created_by,string,null
fc_entdata_gold,cdm_bi,smmry_radiant_void_rw,updated_by,string,null
fc_entdata_gold,cdm_bi,smmry_radiant_void_rw,Catalog,fc_entdata_gold,
fc_entdata_gold,cdm_bi,smmry_radiant_void_rw,Database,cdm_bi,
fc_entdata_gold,cdm_bi,smmry_radiant_void_rw,Table,smmry_radiant_void_rw,
fc_entdata_gold,cdm_bi,smmry_radiant_void_rw,Created Time,Thu Jan 15 17:27:29 UTC 2026,
fc_entdata_gold,cdm_bi,smmry_radiant_void_rw,Last Access,UNKNOWN,
fc_entdata_gold,cdm_bi,smmry_radiant_void_rw,Created By,Spark ,
fc_entdata_gold,cdm_bi,smmry_radiant_void_rw,Type,FOREIGN,
fc_entdata_gold,cdm_bi,smmry_radiant_void_rw,Provider,databricks,
fc_entdata_gold,cdm_bi,smmry_radiant_void_rw,Owner,omry7478@retailer.com,
fc_entdata_gold,cdm_bi,smmry_radiant_void_rw,Table Properties,[],
fc_entdata_gold,cdm_bi,smmry_rebates,rebatefact_key,bigint,null
fc_entdata_gold,cdm_bi,smmry_rebates,date_key,int,null
fc_entdata_gold,cdm_bi,smmry_rebates,item_key,bigint,null
fc_entdata_gold,cdm_bi,smmry_rebates,item_upc_key,bigint,null
fc_entdata_gold,cdm_bi,smmry_rebates,rebate_key,bigint,null
fc_entdata_gold,cdm_bi,smmry_rebates,store_number,int,null
fc_entdata_gold,cdm_bi,smmry_rebates,item_number,int,null
fc_entdata_gold,cdm_bi,smmry_rebates,Rebate_Amount,"decimal(35,4)",null
fc_entdata_gold,cdm_bi,smmry_rebates,Rebate_Units,"decimal(38,6)",null
fc_entdata_gold,cdm_bi,smmry_rebates,loadtime,timestamp,null
fc_entdata_gold,cdm_bi,smmry_rebates,created_date,timestamp,null
fc_entdata_gold,cdm_bi,smmry_rebates,updated_date,timestamp,null
fc_entdata_gold,cdm_bi,smmry_rebates,created_by,string,null
fc_entdata_gold,cdm_bi,smmry_rebates,updated_by,string,null
fc_entdata_gold,cdm_bi,smmry_rebates,Catalog,fc_entdata_gold,
fc_entdata_gold,cdm_bi,smmry_rebates,Database,cdm_bi,
fc_entdata_gold,cdm_bi,smmry_rebates,Table,smmry_rebates,
fc_entdata_gold,cdm_bi,smmry_rebates,Created Time,Tue Mar 11 21:13:02 UTC 2025,
fc_entdata_gold,cdm_bi,smmry_rebates,Last Access,UNKNOWN,
fc_entdata_gold,cdm_bi,smmry_rebates,Created By,Spark ,
fc_entdata_gold,cdm_bi,smmry_rebates,Type,FOREIGN,
fc_entdata_gold,cdm_bi,smmry_rebates,Provider,databricks,
fc_entdata_gold,cdm_bi,smmry_rebates,Owner,omry7478@retailer.com,
fc_entdata_gold,cdm_bi,smmry_rebates,Table Properties,[],
fc_entdata_gold,cdm_bi,smmry_sales,sales_key,bigint,null
fc_entdata_gold,cdm_bi,smmry_sales,store_number,int,null
fc_entdata_gold,cdm_bi,smmry_sales,item_key,int,null
fc_entdata_gold,cdm_bi,smmry_sales,item_number,int,null
fc_entdata_gold,cdm_bi,smmry_sales,item_upc_key,bigint,null
fc_entdata_gold,cdm_bi,smmry_sales,date_key,int,null
fc_entdata_gold,cdm_bi,smmry_sales,business_date,date,null
fc_entdata_gold,cdm_bi,smmry_sales,sales_amount,"decimal(38,6)",null
fc_entdata_gold,cdm_bi,smmry_sales,quantity_sold,"decimal(38,6)",null
fc_entdata_gold,cdm_bi,smmry_sales,units_sold,"decimal(38,6)",null
fc_entdata_gold,cdm_bi,smmry_sales,margin_amount,"decimal(38,6)",null
fc_entdata_gold,cdm_bi,smmry_sales,rebate_amount,"decimal(38,6)",null
fc_entdata_gold,cdm_bi,smmry_sales,cost_sales,"decimal(38,6)",null
fc_entdata_gold,cdm_bi,smmry_sales,item_category,string,null
fc_entdata_gold,cdm_bi,smmry_sales,item_description,string,null
fc_entdata_gold,cdm_bi,smmry_sales,group,string,null
fc_entdata_gold,cdm_bi,smmry_sales,subgroup,string,null
fc_entdata_gold,cdm_bi,smmry_sales,created_date,timestamp,null
fc_entdata_gold,cdm_bi,smmry_sales,updated_date,timestamp,null
fc_entdata_gold,cdm_bi,smmry_sales,created_by,string,null
fc_entdata_gold,cdm_bi,smmry_sales,updated_by,string,null
fc_entdata_gold,cdm_bi,smmry_sales,Catalog,fc_entdata_gold,
fc_entdata_gold,cdm_bi,smmry_sales,Database,cdm_bi,
fc_entdata_gold,cdm_bi,smmry_sales,Table,smmry_sales,
fc_entdata_gold,cdm_bi,smmry_sales,Created Time,Tue Mar 11 21:13:02 UTC 2025,
fc_entdata_gold,cdm_bi,smmry_sales,Last Access,UNKNOWN,
fc_entdata_gold,cdm_bi,smmry_sales,Created By,Spark ,
fc_entdata_gold,cdm_bi,smmry_sales,Type,FOREIGN,
fc_entdata_gold,cdm_bi,smmry_sales,Provider,databricks,
fc_entdata_gold,cdm_bi,smmry_sales,Owner,omry7478@retailer.com,
fc_entdata_gold,cdm_bi,smmry_sales,Table Properties,[],
fc_entdata_gold,cdm_bi,smmry_shrink,shrink_key,bigint,null
fc_entdata_gold,cdm_bi,smmry_shrink,store_num,int,null
fc_entdata_gold,cdm_bi,smmry_shrink,item_number,int,null
fc_entdata_gold,cdm_bi,smmry_shrink,item_key,bigint,null
fc_entdata_gold,cdm_bi,smmry_shrink,date_key,int,null
fc_entdata_gold,cdm_bi,smmry_shrink,entry_date_key,int,null
fc_entdata_gold,cdm_bi,smmry_shrink,Account_Number,string,null
fc_entdata_gold,cdm_bi,smmry_shrink,amount,"decimal(38,6)",null
fc_entdata_gold,cdm_bi,smmry_shrink,GLExplanation,string,null
fc_entdata_gold,cdm_bi,smmry_shrink,DocType,string,null
fc_entdata_gold,cdm_bi,smmry_shrink,loadtime,timestamp,null
fc_entdata_gold,cdm_bi,smmry_shrink,created_by,string,null
fc_entdata_gold,cdm_bi,smmry_shrink,updated_by,string,null
fc_entdata_gold,cdm_bi,smmry_shrink,Catalog,fc_entdata_gold,
fc_entdata_gold,cdm_bi,smmry_shrink,Database,cdm_bi,
fc_entdata_gold,cdm_bi,smmry_shrink,Table,smmry_shrink,
fc_entdata_gold,cdm_bi,smmry_shrink,Created Time,Thu Jan 15 17:27:29 UTC 2026,
fc_entdata_gold,cdm_bi,smmry_shrink,Last Access,UNKNOWN,
fc_entdata_gold,cdm_bi,smmry_shrink,Created By,Spark ,
fc_entdata_gold,cdm_bi,smmry_shrink,Type,FOREIGN,
fc_entdata_gold,cdm_bi,smmry_shrink,Provider,databricks,
fc_entdata_gold,cdm_bi,smmry_shrink,Owner,omry7478@retailer.com,
fc_entdata_gold,cdm_bi,smmry_shrink,Table Properties,[],
fc_entdata_gold,cdm_bi,smmry_transfers,transfer_key,bigint,null
fc_entdata_gold,cdm_bi,smmry_transfers,date_key,int,null
fc_entdata_gold,cdm_bi,smmry_transfers,item_key,int,null
fc_entdata_gold,cdm_bi,smmry_transfers,store_number,int,null
fc_entdata_gold,cdm_bi,smmry_transfers,item_number,int,null
fc_entdata_gold,cdm_bi,smmry_transfers,direction,string,null
fc_entdata_gold,cdm_bi,smmry_transfers,transfer_units,"decimal(38,6)",null
fc_entdata_gold,cdm_bi,smmry_transfers,transfer_cost,"decimal(25,4)",null
fc_entdata_gold,cdm_bi,smmry_transfers,loadtime,timestamp,null
fc_entdata_gold,cdm_bi,smmry_transfers,created_date,timestamp,null
fc_entdata_gold,cdm_bi,smmry_transfers,updated_date,timestamp,null
fc_entdata_gold,cdm_bi,smmry_transfers,created_by,string,null
fc_entdata_gold,cdm_bi,smmry_transfers,updated_by,string,null
fc_entdata_gold,cdm_bi,smmry_transfers,Catalog,fc_entdata_gold,
fc_entdata_gold,cdm_bi,smmry_transfers,Database,cdm_bi,
fc_entdata_gold,cdm_bi,smmry_transfers,Table,smmry_transfers,
fc_entdata_gold,cdm_bi,smmry_transfers,Created Time,Tue May 20 19:15:01 UTC 2025,
fc_entdata_gold,cdm_bi,smmry_transfers,Last Access,UNKNOWN,
fc_entdata_gold,cdm_bi,smmry_transfers,Created By,Spark ,
fc_entdata_gold,cdm_bi,smmry_transfers,Type,FOREIGN,
fc_entdata_gold,cdm_bi,smmry_transfers,Provider,databricks,
fc_entdata_gold,cdm_bi,smmry_transfers,Owner,omry7478@retailer.com,
fc_entdata_gold,cdm_bi,smmry_transfers,Table Properties,[],
fc_entdata_gold,cdm_bi,storebonuses,report_month,timestamp,null
fc_entdata_gold,cdm_bi,storebonuses,region_nm,string,null
fc_entdata_gold,cdm_bi,storebonuses,storenumber,int,null
fc_entdata_gold,cdm_bi,storebonuses,totalshrink,"decimal(38,2)",null
fc_entdata_gold,cdm_bi,storebonuses,cm_margin,"decimal(19,4)",null
fc_entdata_gold,cdm_bi,storebonuses,loadtime,timestamp,null
fc_entdata_gold,cdm_bi,storebonuses,data_src_key,int,null
fc_entdata_gold,cdm_bi,storebonuses,created_date,timestamp,null
fc_entdata_gold,cdm_bi,storebonuses,updated_date,timestamp,null
fc_entdata_gold,cdm_bi,storebonuses,created_by,string,null
fc_entdata_gold,cdm_bi,storebonuses,updated_by,string,null
fc_entdata_gold,cdm_bi,storebonuses,Catalog,fc_entdata_gold,
fc_entdata_gold,cdm_bi,storebonuses,Database,cdm_bi,
fc_entdata_gold,cdm_bi,storebonuses,Table,storebonuses,
fc_entdata_gold,cdm_bi,storebonuses,Created Time,Thu Jan 15 17:27:29 UTC 2026,
fc_entdata_gold,cdm_bi,storebonuses,Last Access,UNKNOWN,
fc_entdata_gold,cdm_bi,storebonuses,Created By,Spark ,
fc_entdata_gold,cdm_bi,storebonuses,Type,FOREIGN,
fc_entdata_gold,cdm_bi,storebonuses,Provider,databricks,
fc_entdata_gold,cdm_bi,storebonuses,Owner,omry7478@retailer.com,
fc_entdata_gold,cdm_bi,storebonuses,Table Properties,[],
fc_entdata_gold,cdm_dim,dim_allegro_finished_grade,allegro_sk,bigint,null
fc_entdata_gold,cdm_dim,dim_allegro_finished_grade,allegro_product,string,null
fc_entdata_gold,cdm_dim,dim_allegro_finished_grade,allegro_interface,string,null
fc_entdata_gold,cdm_dim,dim_allegro_finished_grade,allegro_product_type,string,null
fc_entdata_gold,cdm_dim,dim_allegro_finished_grade,allegro_product_class,string,null
fc_entdata_gold,cdm_dim,dim_allegro_finished_grade,allegro_financial_product,string,null
fc_entdata_gold,cdm_dim,dim_allegro_finished_grade,loadtime,string,null
fc_entdata_gold,cdm_dim,dim_allegro_finished_grade,start_date,date,null
fc_entdata_gold,cdm_dim,dim_allegro_finished_grade,end_date,date,null
fc_entdata_gold,cdm_dim,dim_allegro_finished_grade,is_current,int,null
fc_entdata_gold,cdm_dim,dim_allegro_finished_grade,data_src_key,int,null
fc_entdata_gold,cdm_dim,dim_allegro_finished_grade,created_date,timestamp,null
fc_entdata_gold,cdm_dim,dim_allegro_finished_grade,updated_date,timestamp,null
fc_entdata_gold,cdm_dim,dim_allegro_finished_grade,created_by,string,null
fc_entdata_gold,cdm_dim,dim_allegro_finished_grade,updated_by,string,null
fc_entdata_gold,cdm_dim,dim_allegro_finished_grade,is_referred,boolean,null
fc_entdata_gold,cdm_dim,dim_allegro_finished_grade,Catalog,fc_entdata_gold,
fc_entdata_gold,cdm_dim,dim_allegro_finished_grade,Database,cdm_dim,
fc_entdata_gold,cdm_dim,dim_allegro_finished_grade,Table,dim_allegro_finished_grade,
fc_entdata_gold,cdm_dim,dim_allegro_finished_grade,Created Time,Tue Sep 23 19:15:50 UTC 2025,
fc_entdata_gold,cdm_dim,dim_allegro_finished_grade,Last Access,UNKNOWN,
fc_entdata_gold,cdm_dim,dim_allegro_finished_grade,Created By,Spark ,
fc_entdata_gold,cdm_dim,dim_allegro_finished_grade,Type,FOREIGN,
fc_entdata_gold,cdm_dim,dim_allegro_finished_grade,Provider,databricks,
fc_entdata_gold,cdm_dim,dim_allegro_finished_grade,Owner,omry7478@retailer.com,
fc_entdata_gold,cdm_dim,dim_allegro_finished_grade,Table Properties,[],
fc_entdata_gold,cdm_dim,dim_allegro_terminal_info,allegro_sk,bigint,null
fc_entdata_gold,cdm_dim,dim_allegro_terminal_info,db_table,string,null
fc_entdata_gold,cdm_dim,dim_allegro_terminal_info,allegro_rack_terminal,string,null
fc_entdata_gold,cdm_dim,dim_allegro_terminal_info,allegro_bulk_terminal,string,null
fc_entdata_gold,cdm_dim,dim_allegro_terminal_info,allegro_interface,string,null
fc_entdata_gold,cdm_dim,dim_allegro_terminal_info,loadtime,string,null
fc_entdata_gold,cdm_dim,dim_allegro_terminal_info,start_date,date,null
fc_entdata_gold,cdm_dim,dim_allegro_terminal_info,end_date,date,null
fc_entdata_gold,cdm_dim,dim_allegro_terminal_info,is_current,int,null
fc_entdata_gold,cdm_dim,dim_allegro_terminal_info,data_src_key,int,null
fc_entdata_gold,cdm_dim,dim_allegro_terminal_info,created_date,timestamp,null
fc_entdata_gold,cdm_dim,dim_allegro_terminal_info,updated_date,timestamp,null
fc_entdata_gold,cdm_dim,dim_allegro_terminal_info,created_by,string,null
fc_entdata_gold,cdm_dim,dim_allegro_terminal_info,updated_by,string,null
fc_entdata_gold,cdm_dim,dim_allegro_terminal_info,is_referred,boolean,null
fc_entdata_gold,cdm_dim,dim_allegro_terminal_info,Catalog,fc_entdata_gold,
fc_entdata_gold,cdm_dim,dim_allegro_terminal_info,Database,cdm_dim,
fc_entdata_gold,cdm_dim,dim_allegro_terminal_info,Table,dim_allegro_terminal_info,
fc_entdata_gold,cdm_dim,dim_allegro_terminal_info,Created Time,Tue Sep 23 19:15:50 UTC 2025,
fc_entdata_gold,cdm_dim,dim_allegro_terminal_info,Last Access,UNKNOWN,
fc_entdata_gold,cdm_dim,dim_allegro_terminal_info,Created By,Spark ,
fc_entdata_gold,cdm_dim,dim_allegro_terminal_info,Type,FOREIGN,
fc_entdata_gold,cdm_dim,dim_allegro_terminal_info,Provider,databricks,
fc_entdata_gold,cdm_dim,dim_allegro_terminal_info,Owner,omry7478@retailer.com,
fc_entdata_gold,cdm_dim,dim_allegro_terminal_info,Table Properties,[],
fc_entdata_gold,cdm_dim,dim_allegro_vendor,allegro_sk,bigint,null
fc_entdata_gold,cdm_dim,dim_allegro_vendor,allegro_parent_counter_party,string,null
fc_entdata_gold,cdm_dim,dim_allegro_vendor,allegro_child_vendor,string,null
fc_entdata_gold,cdm_dim,dim_allegro_vendor,counter_party_pdi_id,string,null
fc_entdata_gold,cdm_dim,dim_allegro_vendor,child_vendor_pdi_id,string,null
fc_entdata_gold,cdm_dim,dim_allegro_vendor,pdi_vendor_id,string,null
fc_entdata_gold,cdm_dim,dim_allegro_vendor,loadtime,string,null
fc_entdata_gold,cdm_dim,dim_allegro_vendor,start_date,date,null
fc_entdata_gold,cdm_dim,dim_allegro_vendor,end_date,date,null
fc_entdata_gold,cdm_dim,dim_allegro_vendor,is_current,int,null
fc_entdata_gold,cdm_dim,dim_allegro_vendor,data_src_key,int,null
fc_entdata_gold,cdm_dim,dim_allegro_vendor,created_date,timestamp,null
fc_entdata_gold,cdm_dim,dim_allegro_vendor,updated_date,timestamp,null
fc_entdata_gold,cdm_dim,dim_allegro_vendor,created_by,string,null
fc_entdata_gold,cdm_dim,dim_allegro_vendor,updated_by,string,null
fc_entdata_gold,cdm_dim,dim_allegro_vendor,is_referred,boolean,null
fc_entdata_gold,cdm_dim,dim_allegro_vendor,Catalog,fc_entdata_gold,
fc_entdata_gold,cdm_dim,dim_allegro_vendor,Database,cdm_dim,
fc_entdata_gold,cdm_dim,dim_allegro_vendor,Table,dim_allegro_vendor,
fc_entdata_gold,cdm_dim,dim_allegro_vendor,Created Time,Tue Sep 23 19:15:50 UTC 2025,
fc_entdata_gold,cdm_dim,dim_allegro_vendor,Last Access,UNKNOWN,
fc_entdata_gold,cdm_dim,dim_allegro_vendor,Created By,Spark ,
fc_entdata_gold,cdm_dim,dim_allegro_vendor,Type,FOREIGN,
fc_entdata_gold,cdm_dim,dim_allegro_vendor,Provider,databricks,
fc_entdata_gold,cdm_dim,dim_allegro_vendor,Owner,omry7478@retailer.com,
fc_entdata_gold,cdm_dim,dim_allegro_vendor,Table Properties,[],
fc_entdata_gold,cdm_dim,dim_calendar,date_key,int,null
fc_entdata_gold,cdm_dim,dim_calendar,date,timestamp,null
fc_entdata_gold,cdm_dim,dim_calendar,full_date_uk,string,null
fc_entdata_gold,cdm_dim,dim_calendar,full_date_usa,string,null
fc_entdata_gold,cdm_dim,dim_calendar,day_of_month,string,null
fc_entdata_gold,cdm_dim,dim_calendar,day_suffix,string,null
fc_entdata_gold,cdm_dim,dim_calendar,day_nm,string,null
fc_entdata_gold,cdm_dim,dim_calendar,day_of_week_usa,string,null
fc_entdata_gold,cdm_dim,dim_calendar,day_of_week_uk,string,null
fc_entdata_gold,cdm_dim,dim_calendar,day_of_week_in_month,string,null
fc_entdata_gold,cdm_dim,dim_calendar,day_of_week_in_year,string,null
fc_entdata_gold,cdm_dim,dim_calendar,day_of_quarter,string,null
fc_entdata_gold,cdm_dim,dim_calendar,day_of_year,string,null
fc_entdata_gold,cdm_dim,dim_calendar,week_of_month,string,null
fc_entdata_gold,cdm_dim,dim_calendar,week_of_quarter,string,null
fc_entdata_gold,cdm_dim,dim_calendar,week_of_year,string,null
fc_entdata_gold,cdm_dim,dim_calendar,month,string,null
fc_entdata_gold,cdm_dim,dim_calendar,month_nm,string,null
fc_entdata_gold,cdm_dim,dim_calendar,month_of_quarter,string,null
fc_entdata_gold,cdm_dim,dim_calendar,quarter,string,null
fc_entdata_gold,cdm_dim,dim_calendar,quarter_nm,string,null
fc_entdata_gold,cdm_dim,dim_calendar,year,string,null
fc_entdata_gold,cdm_dim,dim_calendar,year_nm,string,null
fc_entdata_gold,cdm_dim,dim_calendar,month_year,string,null
fc_entdata_gold,cdm_dim,dim_calendar,mmyyyy,string,null
fc_entdata_gold,cdm_dim,dim_calendar,first_day_of_month,date,null
fc_entdata_gold,cdm_dim,dim_calendar,last_day_of_month,date,null
fc_entdata_gold,cdm_dim,dim_calendar,first_day_of_quarter,date,null
fc_entdata_gold,cdm_dim,dim_calendar,last_day_of_quarter,date,null
fc_entdata_gold,cdm_dim,dim_calendar,first_day_of_year,date,null
fc_entdata_gold,cdm_dim,dim_calendar,last_day_of_year,date,null
fc_entdata_gold,cdm_dim,dim_calendar,is_holiday_usa,boolean,null
fc_entdata_gold,cdm_dim,dim_calendar,is_weekday,boolean,null
fc_entdata_gold,cdm_dim,dim_calendar,holiday_usa,string,null
fc_entdata_gold,cdm_dim,dim_calendar,is_holiday_uk,boolean,null
fc_entdata_gold,cdm_dim,dim_calendar,holiday_uk,string,null
fc_entdata_gold,cdm_dim,dim_calendar,business_year,int,null
fc_entdata_gold,cdm_dim,dim_calendar,business_quarter,string,null
fc_entdata_gold,cdm_dim,dim_calendar,business_month,timestamp,null
fc_entdata_gold,cdm_dim,dim_calendar,business_month_label,string,null
fc_entdata_gold,cdm_dim,dim_calendar,business_week,timestamp,null
fc_entdata_gold,cdm_dim,dim_calendar,business_week_label,string,null
fc_entdata_gold,cdm_dim,dim_calendar,same_day_ly,timestamp,null
fc_entdata_gold,cdm_dim,dim_calendar,first_day_ly,timestamp,null
fc_entdata_gold,cdm_dim,dim_calendar,data_src_key,int,null
fc_entdata_gold,cdm_dim,dim_calendar,created_date,timestamp,null
fc_entdata_gold,cdm_dim,dim_calendar,created_by,string,null
fc_entdata_gold,cdm_dim,dim_calendar,Catalog,fc_entdata_gold,
fc_entdata_gold,cdm_dim,dim_calendar,Database,cdm_dim,
fc_entdata_gold,cdm_dim,dim_calendar,Table,dim_calendar,
fc_entdata_gold,cdm_dim,dim_calendar,Created Time,Tue Apr 22 17:27:10 UTC 2025,
fc_entdata_gold,cdm_dim,dim_calendar,Last Access,UNKNOWN,
fc_entdata_gold,cdm_dim,dim_calendar,Created By,Spark ,
fc_entdata_gold,cdm_dim,dim_calendar,Type,FOREIGN,
fc_entdata_gold,cdm_dim,dim_calendar,Provider,databricks,
fc_entdata_gold,cdm_dim,dim_calendar,Owner,omry7478@retailer.com,
fc_entdata_gold,cdm_dim,dim_calendar,Table Properties,[],
fc_entdata_gold,cdm_dim,dim_chart_of_accounts,account_key,bigint,null
fc_entdata_gold,cdm_dim,dim_chart_of_accounts,account_no,string,null
fc_entdata_gold,cdm_dim,dim_chart_of_accounts,account_nm,string,null
fc_entdata_gold,cdm_dim,dim_chart_of_accounts,account_cat_1_cd,string,null
fc_entdata_gold,cdm_dim,dim_chart_of_accounts,account_cat_2_cd,string,null
fc_entdata_gold,cdm_dim,dim_chart_of_accounts,account_cat_3_cd,string,null
fc_entdata_gold,cdm_dim,dim_chart_of_accounts,account_cat_4_cd,string,null
fc_entdata_gold,cdm_dim,dim_chart_of_accounts,account_cat_5_cd,string,null
fc_entdata_gold,cdm_dim,dim_chart_of_accounts,account_cat_6_cd,string,null
fc_entdata_gold,cdm_dim,dim_chart_of_accounts,account_cat_1_desc,string,null
fc_entdata_gold,cdm_dim,dim_chart_of_accounts,account_cat_2_desc,string,null
fc_entdata_gold,cdm_dim,dim_chart_of_accounts,account_cat_3_desc,string,null
fc_entdata_gold,cdm_dim,dim_chart_of_accounts,account_cat_4_desc,string,null
fc_entdata_gold,cdm_dim,dim_chart_of_accounts,account_cat_5_desc,string,null
fc_entdata_gold,cdm_dim,dim_chart_of_accounts,account_cat_6_desc,string,null
fc_entdata_gold,cdm_dim,dim_chart_of_accounts,loadtime,string,null
fc_entdata_gold,cdm_dim,dim_chart_of_accounts,start_date,date,null
fc_entdata_gold,cdm_dim,dim_chart_of_accounts,end_date,date,null
fc_entdata_gold,cdm_dim,dim_chart_of_accounts,is_current,int,null
fc_entdata_gold,cdm_dim,dim_chart_of_accounts,data_src_key,int,null
fc_entdata_gold,cdm_dim,dim_chart_of_accounts,created_date,timestamp,null
fc_entdata_gold,cdm_dim,dim_chart_of_accounts,updated_date,timestamp,null
fc_entdata_gold,cdm_dim,dim_chart_of_accounts,created_by,string,null
fc_entdata_gold,cdm_dim,dim_chart_of_accounts,updated_by,string,null
fc_entdata_gold,cdm_dim,dim_chart_of_accounts,is_referred,boolean,null
fc_entdata_gold,cdm_dim,dim_chart_of_accounts,Catalog,fc_entdata_gold,
fc_entdata_gold,cdm_dim,dim_chart_of_accounts,Database,cdm_dim,
fc_entdata_gold,cdm_dim,dim_chart_of_accounts,Table,dim_chart_of_accounts,
fc_entdata_gold,cdm_dim,dim_chart_of_accounts,Created Time,Tue Sep 23 19:15:50 UTC 2025,
fc_entdata_gold,cdm_dim,dim_chart_of_accounts,Last Access,UNKNOWN,
fc_entdata_gold,cdm_dim,dim_chart_of_accounts,Created By,Spark ,
fc_entdata_gold,cdm_dim,dim_chart_of_accounts,Type,FOREIGN,
fc_entdata_gold,cdm_dim,dim_chart_of_accounts,Provider,databricks,
fc_entdata_gold,cdm_dim,dim_chart_of_accounts,Owner,omry7478@retailer.com,
fc_entdata_gold,cdm_dim,dim_chart_of_accounts,Table Properties,[],
fc_entdata_gold,cdm_dim,dim_customer,cust_key,string,null
fc_entdata_gold,cdm_dim,dim_customer,full_nm_encrypted,string,null
fc_entdata_gold,cdm_dim,dim_customer,first_nm_encrypted,string,null
fc_entdata_gold,cdm_dim,dim_customer,last_nm_encrypted,string,null
fc_entdata_gold,cdm_dim,dim_customer,email_encrypted,string,null
fc_entdata_gold,cdm_dim,dim_customer,phn_num_encrypted,string,null
fc_entdata_gold,cdm_dim,dim_customer,address_line1_encrypted,string,null
fc_entdata_gold,cdm_dim,dim_customer,address_line2_encrypted,string,null
fc_entdata_gold,cdm_dim,dim_customer,city_encrypted,string,null
fc_entdata_gold,cdm_dim,dim_customer,state_encrypted,string,null
fc_entdata_gold,cdm_dim,dim_customer,cntry_encrypted,string,null
fc_entdata_gold,cdm_dim,dim_customer,postal_cd_encrypted,string,null
fc_entdata_gold,cdm_dim,dim_customer,personal_id_type_encrypted,string,null
fc_entdata_gold,cdm_dim,dim_customer,personal_id_val_encrypted,string,null
fc_entdata_gold,cdm_dim,dim_customer,id_expiration_date_nil_encrypted,string,null
fc_entdata_gold,cdm_dim,dim_customer,birth_date_nil_encrypted,string,null
fc_entdata_gold,cdm_dim,dim_customer,date_of_birth_encrypted,string,null
fc_entdata_gold,cdm_dim,dim_customer,date_of_birth_key_encrypted,string,null
fc_entdata_gold,cdm_dim,dim_customer,driver_id_encrypted,string,null
fc_entdata_gold,cdm_dim,dim_customer,tender_info_customer_id_personal_id_val_encrypted,string,null
fc_entdata_gold,cdm_dim,dim_customer,entry_method_encrypted,string,null
fc_entdata_gold,cdm_dim,dim_customer,entry_method_val_encrypted,string,null
fc_entdata_gold,cdm_dim,dim_customer,id_issuing_authority_encrypted,string,null
fc_entdata_gold,cdm_dim,dim_customer,cashier_bypassed_flag_val_encrypted,string,null
fc_entdata_gold,cdm_dim,dim_customer,eff_start_date,date,null
fc_entdata_gold,cdm_dim,dim_customer,eff_end_date,date,null
fc_entdata_gold,cdm_dim,dim_customer,is_current,boolean,null
fc_entdata_gold,cdm_dim,dim_customer,ingest_time_stamp,timestamp,null
fc_entdata_gold,cdm_dim,dim_customer,data_src_key,int,null
fc_entdata_gold,cdm_dim,dim_customer,checksum,string,null
fc_entdata_gold,cdm_dim,dim_customer,created_date,timestamp,null
fc_entdata_gold,cdm_dim,dim_customer,updated_date,timestamp,null
fc_entdata_gold,cdm_dim,dim_customer,created_by,string,null
fc_entdata_gold,cdm_dim,dim_customer,updated_by,string,null
fc_entdata_gold,cdm_dim,dim_customer,is_referred,string,null
fc_entdata_gold,cdm_dim,dim_customer,scd_flag,string,null
fc_entdata_gold,cdm_dim,dim_customer,Catalog,fc_entdata_gold,
fc_entdata_gold,cdm_dim,dim_customer,Database,cdm_dim,
fc_entdata_gold,cdm_dim,dim_customer,Table,dim_customer,
fc_entdata_gold,cdm_dim,dim_customer,Created Time,Tue Apr 22 17:27:10 UTC 2025,
fc_entdata_gold,cdm_dim,dim_customer,Last Access,UNKNOWN,
fc_entdata_gold,cdm_dim,dim_customer,Created By,Spark ,
fc_entdata_gold,cdm_dim,dim_customer,Type,FOREIGN,
fc_entdata_gold,cdm_dim,dim_customer,Provider,databricks,
fc_entdata_gold,cdm_dim,dim_customer,Owner,omry7478@retailer.com,
fc_entdata_gold,cdm_dim,dim_customer,Table Properties,[],
fc_entdata_gold,cdm_dim,dim_data_id_rw,RWDataID_key,bigint,null
fc_entdata_gold,cdm_dim,dim_data_id_rw,RWDataID_Src_DataID_key,int,null
fc_entdata_gold,cdm_dim,dim_data_id_rw,RWDataID_Desc,string,null
fc_entdata_gold,cdm_dim,dim_data_id_rw,loadtime,timestamp,null
fc_entdata_gold,cdm_dim,dim_data_id_rw,start_date,date,null
fc_entdata_gold,cdm_dim,dim_data_id_rw,end_date,timestamp,null
fc_entdata_gold,cdm_dim,dim_data_id_rw,is_current,int,null
fc_entdata_gold,cdm_dim,dim_data_id_rw,created_by,string,null
fc_entdata_gold,cdm_dim,dim_data_id_rw,updated_by,string,null
fc_entdata_gold,cdm_dim,dim_data_id_rw,Catalog,fc_entdata_gold,
fc_entdata_gold,cdm_dim,dim_data_id_rw,Database,cdm_dim,
fc_entdata_gold,cdm_dim,dim_data_id_rw,Table,dim_data_id_rw,
fc_entdata_gold,cdm_dim,dim_data_id_rw,Created Time,Tue Sep 23 19:15:50 UTC 2025,
fc_entdata_gold,cdm_dim,dim_data_id_rw,Last Access,UNKNOWN,
fc_entdata_gold,cdm_dim,dim_data_id_rw,Created By,Spark ,
fc_entdata_gold,cdm_dim,dim_data_id_rw,Type,FOREIGN,
fc_entdata_gold,cdm_dim,dim_data_id_rw,Provider,databricks,
fc_entdata_gold,cdm_dim,dim_data_id_rw,Owner,omry7478@retailer.com,
fc_entdata_gold,cdm_dim,dim_data_id_rw,Table Properties,[],
fc_entdata_gold,cdm_dim,dim_data_source,data_src_key,bigint,null
fc_entdata_gold,cdm_dim,dim_data_source,data_src_short_nm,string,null
fc_entdata_gold,cdm_dim,dim_data_source,data_src_full_nm,string,null
fc_entdata_gold,cdm_dim,dim_data_source,data_src_status,string,null
fc_entdata_gold,cdm_dim,dim_data_source,created_date,timestamp,null
fc_entdata_gold,cdm_dim,dim_data_source,updated_date,timestamp,null
fc_entdata_gold,cdm_dim,dim_data_source,created_by,string,null
fc_entdata_gold,cdm_dim,dim_data_source,updated_by,string,null
fc_entdata_gold,cdm_dim,dim_data_source,is_referred,boolean,null
fc_entdata_gold,cdm_dim,dim_data_source,Catalog,fc_entdata_gold,
fc_entdata_gold,cdm_dim,dim_data_source,Database,cdm_dim,
fc_entdata_gold,cdm_dim,dim_data_source,Table,dim_data_source,
fc_entdata_gold,cdm_dim,dim_data_source,Created Time,Tue Apr 22 17:27:10 UTC 2025,
fc_entdata_gold,cdm_dim,dim_data_source,Last Access,UNKNOWN,
fc_entdata_gold,cdm_dim,dim_data_source,Created By,Spark ,
fc_entdata_gold,cdm_dim,dim_data_source,Type,FOREIGN,
fc_entdata_gold,cdm_dim,dim_data_source,Provider,databricks,
fc_entdata_gold,cdm_dim,dim_data_source,Owner,omry7478@retailer.com,
fc_entdata_gold,cdm_dim,dim_data_source,Table Properties,[],
fc_entdata_gold,cdm_dim,dim_entry_mode_indicator,entry_mode_indicator_key,bigint,null
fc_entdata_gold,cdm_dim,dim_entry_mode_indicator,entry_mode_indicator_code,string,null
fc_entdata_gold,cdm_dim,dim_entry_mode_indicator,entry_mode_indicator_desc,string,null
fc_entdata_gold,cdm_dim,dim_entry_mode_indicator,data_src_key,int,null
fc_entdata_gold,cdm_dim,dim_entry_mode_indicator,eff_start_date,timestamp,null
fc_entdata_gold,cdm_dim,dim_entry_mode_indicator,eff_end_date,timestamp,null
fc_entdata_gold,cdm_dim,dim_entry_mode_indicator,is_current,int,null
fc_entdata_gold,cdm_dim,dim_entry_mode_indicator,ingest_time_stamp,timestamp,null
fc_entdata_gold,cdm_dim,dim_entry_mode_indicator,checksum,string,null
fc_entdata_gold,cdm_dim,dim_entry_mode_indicator,created_date,timestamp,null
fc_entdata_gold,cdm_dim,dim_entry_mode_indicator,updated_date,timestamp,null
fc_entdata_gold,cdm_dim,dim_entry_mode_indicator,created_by,string,null
fc_entdata_gold,cdm_dim,dim_entry_mode_indicator,updated_by,string,null
fc_entdata_gold,cdm_dim,dim_entry_mode_indicator,is_referred,string,null
fc_entdata_gold,cdm_dim,dim_entry_mode_indicator,scd_flag,string,null
fc_entdata_gold,cdm_dim,dim_entry_mode_indicator,Catalog,fc_entdata_gold,
fc_entdata_gold,cdm_dim,dim_entry_mode_indicator,Database,cdm_dim,
fc_entdata_gold,cdm_dim,dim_entry_mode_indicator,Table,dim_entry_mode_indicator,
fc_entdata_gold,cdm_dim,dim_entry_mode_indicator,Created Time,Tue Sep 23 19:15:50 UTC 2025,
fc_entdata_gold,cdm_dim,dim_entry_mode_indicator,Last Access,UNKNOWN,
fc_entdata_gold,cdm_dim,dim_entry_mode_indicator,Created By,Spark ,
fc_entdata_gold,cdm_dim,dim_entry_mode_indicator,Type,FOREIGN,
fc_entdata_gold,cdm_dim,dim_entry_mode_indicator,Provider,databricks,
fc_entdata_gold,cdm_dim,dim_entry_mode_indicator,Owner,omry7478@retailer.com,
fc_entdata_gold,cdm_dim,dim_entry_mode_indicator,Table Properties,[],
fc_entdata_gold,cdm_dim,dim_feetype,fee_type_key,int,null
fc_entdata_gold,cdm_dim,dim_feetype,fee_type_desc,string,null
fc_entdata_gold,cdm_dim,dim_feetype,fee_type_id,int,null
fc_entdata_gold,cdm_dim,dim_feetype,store_type,string,null
fc_entdata_gold,cdm_dim,dim_feetype,loadtime,string,null
fc_entdata_gold,cdm_dim,dim_feetype,start_date,date,null
fc_entdata_gold,cdm_dim,dim_feetype,end_date,date,null
fc_entdata_gold,cdm_dim,dim_feetype,is_current,int,null
fc_entdata_gold,cdm_dim,dim_feetype,data_src_key,int,null
fc_entdata_gold,cdm_dim,dim_feetype,created_date,timestamp,null
fc_entdata_gold,cdm_dim,dim_feetype,updated_date,timestamp,null
fc_entdata_gold,cdm_dim,dim_feetype,created_by,string,null
fc_entdata_gold,cdm_dim,dim_feetype,updated_by,string,null
fc_entdata_gold,cdm_dim,dim_feetype,is_referred,boolean,null
fc_entdata_gold,cdm_dim,dim_feetype,Catalog,fc_entdata_gold,
fc_entdata_gold,cdm_dim,dim_feetype,Database,cdm_dim,
fc_entdata_gold,cdm_dim,dim_feetype,Table,dim_feetype,
fc_entdata_gold,cdm_dim,dim_feetype,Created Time,Tue Apr 22 17:27:10 UTC 2025,
fc_entdata_gold,cdm_dim,dim_feetype,Last Access,UNKNOWN,
fc_entdata_gold,cdm_dim,dim_feetype,Created By,Spark ,
fc_entdata_gold,cdm_dim,dim_feetype,Type,FOREIGN,
fc_entdata_gold,cdm_dim,dim_feetype,Provider,databricks,
fc_entdata_gold,cdm_dim,dim_feetype,Owner,omry7478@retailer.com,
fc_entdata_gold,cdm_dim,dim_feetype,Table Properties,[],
fc_entdata_gold,cdm_dim,dim_finished_grade,FO_Prod_Key,bigint,null
fc_entdata_gold,cdm_dim,dim_finished_grade,FO_Prod_ID,string,null
fc_entdata_gold,cdm_dim,dim_finished_grade,FO_PumpGradeType,string,null
fc_entdata_gold,cdm_dim,dim_finished_grade,FO_FuelType,string,null
fc_entdata_gold,cdm_dim,dim_finished_grade,FO_FuelTypeDesc,string,null
fc_entdata_gold,cdm_dim,dim_finished_grade,FO_FuelTypeID,int,null
fc_entdata_gold,cdm_dim,dim_finished_grade,Allegro_Product,string,null
fc_entdata_gold,cdm_dim,dim_finished_grade,Allegro_Interface,string,null
fc_entdata_gold,cdm_dim,dim_finished_grade,Allegro_ProductType,string,null
fc_entdata_gold,cdm_dim,dim_finished_grade,Allegro_ProductClass,string,null
fc_entdata_gold,cdm_dim,dim_finished_grade,Allegro_FinancialProduct,string,null
fc_entdata_gold,cdm_dim,dim_finished_grade,RA_PrdctID,int,null
fc_entdata_gold,cdm_dim,dim_finished_grade,RA_PrdctNme,string,null
fc_entdata_gold,cdm_dim,dim_finished_grade,RA_PrdctNmeAbbv,string,null
fc_entdata_gold,cdm_dim,dim_finished_grade,RA_PrdctGrpID,int,null
fc_entdata_gold,cdm_dim,dim_finished_grade,RA_PrdctGrp,string,null
fc_entdata_gold,cdm_dim,dim_finished_grade,RA_PDIProductKey,string,null
fc_entdata_gold,cdm_dim,dim_finished_grade,RAPrdctSbTyp,string,null
fc_entdata_gold,cdm_dim,dim_finished_grade,Catalog,fc_entdata_gold,
fc_entdata_gold,cdm_dim,dim_finished_grade,Database,cdm_dim,
fc_entdata_gold,cdm_dim,dim_finished_grade,Table,dim_finished_grade,
fc_entdata_gold,cdm_dim,dim_finished_grade,Created Time,Tue Apr 22 17:27:10 UTC 2025,
fc_entdata_gold,cdm_dim,dim_finished_grade,Last Access,UNKNOWN,
fc_entdata_gold,cdm_dim,dim_finished_grade,Created By,Spark ,
fc_entdata_gold,cdm_dim,dim_finished_grade,Type,FOREIGN,
fc_entdata_gold,cdm_dim,dim_finished_grade,Provider,databricks,
fc_entdata_gold,cdm_dim,dim_finished_grade,Owner,omry7478@retailer.com,
fc_entdata_gold,cdm_dim,dim_finished_grade,Table Properties,[],
fc_entdata_gold,cdm_dim,dim_food_segment,PDI_Subgroup,string,null
fc_entdata_gold,cdm_dim,dim_food_segment,Segment,string,null
fc_entdata_gold,cdm_dim,dim_food_segment,Catalog,fc_entdata_gold,
fc_entdata_gold,cdm_dim,dim_food_segment,Database,cdm_dim,
fc_entdata_gold,cdm_dim,dim_food_segment,Table,dim_food_segment,
fc_entdata_gold,cdm_dim,dim_food_segment,Created Time,Tue Apr 22 17:27:10 UTC 2025,
fc_entdata_gold,cdm_dim,dim_food_segment,Last Access,UNKNOWN,
fc_entdata_gold,cdm_dim,dim_food_segment,Created By,Spark ,
fc_entdata_gold,cdm_dim,dim_food_segment,Type,FOREIGN,
fc_entdata_gold,cdm_dim,dim_food_segment,Provider,databricks,
fc_entdata_gold,cdm_dim,dim_food_segment,Owner,omry7478@retailer.com,
fc_entdata_gold,cdm_dim,dim_food_segment,Table Properties,[],
fc_entdata_gold,cdm_dim,dim_fuel_opt_finished_grade,fuelopt_sk,bigint,null
fc_entdata_gold,cdm_dim,dim_fuel_opt_finished_grade,prod_key,bigint,null
fc_entdata_gold,cdm_dim,dim_fuel_opt_finished_grade,prod_id,string,null
fc_entdata_gold,cdm_dim,dim_fuel_opt_finished_grade,pump_grade_type,string,null
fc_entdata_gold,cdm_dim,dim_fuel_opt_finished_grade,fuel_type,string,null
fc_entdata_gold,cdm_dim,dim_fuel_opt_finished_grade,fuel_type_desc,string,null
fc_entdata_gold,cdm_dim,dim_fuel_opt_finished_grade,fuel_type_id,int,null
fc_entdata_gold,cdm_dim,dim_fuel_opt_finished_grade,loadtime,string,null
fc_entdata_gold,cdm_dim,dim_fuel_opt_finished_grade,start_date,date,null
fc_entdata_gold,cdm_dim,dim_fuel_opt_finished_grade,end_date,date,null
fc_entdata_gold,cdm_dim,dim_fuel_opt_finished_grade,is_current,int,null
fc_entdata_gold,cdm_dim,dim_fuel_opt_finished_grade,data_src_key,int,null
fc_entdata_gold,cdm_dim,dim_fuel_opt_finished_grade,created_date,timestamp,null
fc_entdata_gold,cdm_dim,dim_fuel_opt_finished_grade,updated_date,timestamp,null
fc_entdata_gold,cdm_dim,dim_fuel_opt_finished_grade,created_by,string,null
fc_entdata_gold,cdm_dim,dim_fuel_opt_finished_grade,updated_by,string,null
fc_entdata_gold,cdm_dim,dim_fuel_opt_finished_grade,is_referred,boolean,null
fc_entdata_gold,cdm_dim,dim_fuel_opt_finished_grade,Catalog,fc_entdata_gold,
fc_entdata_gold,cdm_dim,dim_fuel_opt_finished_grade,Database,cdm_dim,
fc_entdata_gold,cdm_dim,dim_fuel_opt_finished_grade,Table,dim_fuel_opt_finished_grade,
fc_entdata_gold,cdm_dim,dim_fuel_opt_finished_grade,Created Time,Tue Apr 22 17:27:10 UTC 2025,
fc_entdata_gold,cdm_dim,dim_fuel_opt_finished_grade,Last Access,UNKNOWN,
fc_entdata_gold,cdm_dim,dim_fuel_opt_finished_grade,Created By,Spark ,
fc_entdata_gold,cdm_dim,dim_fuel_opt_finished_grade,Type,FOREIGN,
fc_entdata_gold,cdm_dim,dim_fuel_opt_finished_grade,Provider,databricks,
fc_entdata_gold,cdm_dim,dim_fuel_opt_finished_grade,Owner,omry7478@retailer.com,
fc_entdata_gold,cdm_dim,dim_fuel_opt_finished_grade,Table Properties,[],
fc_entdata_gold,cdm_dim,dim_fuel_opt_terminal_info,fuelopt_sk,bigint,null
fc_entdata_gold,cdm_dim,dim_fuel_opt_terminal_info,trmnl_id,string,null
fc_entdata_gold,cdm_dim,dim_fuel_opt_terminal_info,trmnl_key,int,null
fc_entdata_gold,cdm_dim,dim_fuel_opt_terminal_info,fuel_opt_terminal,string,null
fc_entdata_gold,cdm_dim,dim_fuel_opt_terminal_info,tcn,string,null
fc_entdata_gold,cdm_dim,dim_fuel_opt_terminal_info,latitude,"decimal(25,6)",null
fc_entdata_gold,cdm_dim,dim_fuel_opt_terminal_info,longitude,"decimal(25,6)",null
fc_entdata_gold,cdm_dim,dim_fuel_opt_terminal_info,trmnl_address_1,string,null
fc_entdata_gold,cdm_dim,dim_fuel_opt_terminal_info,trmnl_city,string,null
fc_entdata_gold,cdm_dim,dim_fuel_opt_terminal_info,trmnl_postal_code,string,null
fc_entdata_gold,cdm_dim,dim_fuel_opt_terminal_info,ta_group_id,int,null
fc_entdata_gold,cdm_dim,dim_fuel_opt_terminal_info,ta_group_name,string,null
fc_entdata_gold,cdm_dim,dim_fuel_opt_terminal_info,tarea_num,int,null
fc_entdata_gold,cdm_dim,dim_fuel_opt_terminal_info,pricing_market,string,null
fc_entdata_gold,cdm_dim,dim_fuel_opt_terminal_info,pricing_market_id,string,null
fc_entdata_gold,cdm_dim,dim_fuel_opt_terminal_info,tarea_name,string,null
fc_entdata_gold,cdm_dim,dim_fuel_opt_terminal_info,city,string,null
fc_entdata_gold,cdm_dim,dim_fuel_opt_terminal_info,state_name,string,null
fc_entdata_gold,cdm_dim,dim_fuel_opt_terminal_info,term_num,int,null
fc_entdata_gold,cdm_dim,dim_fuel_opt_terminal_info,term_name,string,null
fc_entdata_gold,cdm_dim,dim_fuel_opt_terminal_info,pdi_num,int,null
fc_entdata_gold,cdm_dim,dim_fuel_opt_terminal_info,rsm,string,null
fc_entdata_gold,cdm_dim,dim_fuel_opt_terminal_info,transport_analyst,string,null
fc_entdata_gold,cdm_dim,dim_fuel_opt_terminal_info,region_id,int,null
fc_entdata_gold,cdm_dim,dim_fuel_opt_terminal_info,region,string,null
fc_entdata_gold,cdm_dim,dim_fuel_opt_terminal_info,active,int,null
fc_entdata_gold,cdm_dim,dim_fuel_opt_terminal_info,loadtime,string,null
fc_entdata_gold,cdm_dim,dim_fuel_opt_terminal_info,start_date,date,null
fc_entdata_gold,cdm_dim,dim_fuel_opt_terminal_info,end_date,date,null
fc_entdata_gold,cdm_dim,dim_fuel_opt_terminal_info,is_current,int,null
fc_entdata_gold,cdm_dim,dim_fuel_opt_terminal_info,data_src_key,int,null
fc_entdata_gold,cdm_dim,dim_fuel_opt_terminal_info,created_date,timestamp,null
fc_entdata_gold,cdm_dim,dim_fuel_opt_terminal_info,updated_date,timestamp,null
fc_entdata_gold,cdm_dim,dim_fuel_opt_terminal_info,created_by,string,null
fc_entdata_gold,cdm_dim,dim_fuel_opt_terminal_info,updated_by,string,null
fc_entdata_gold,cdm_dim,dim_fuel_opt_terminal_info,is_referred,boolean,null
fc_entdata_gold,cdm_dim,dim_fuel_opt_terminal_info,Catalog,fc_entdata_gold,
fc_entdata_gold,cdm_dim,dim_fuel_opt_terminal_info,Database,cdm_dim,
fc_entdata_gold,cdm_dim,dim_fuel_opt_terminal_info,Table,dim_fuel_opt_terminal_info,
fc_entdata_gold,cdm_dim,dim_fuel_opt_terminal_info,Created Time,Tue Sep 23 19:15:50 UTC 2025,
fc_entdata_gold,cdm_dim,dim_fuel_opt_terminal_info,Last Access,UNKNOWN,
fc_entdata_gold,cdm_dim,dim_fuel_opt_terminal_info,Created By,Spark ,
fc_entdata_gold,cdm_dim,dim_fuel_opt_terminal_info,Type,FOREIGN,
fc_entdata_gold,cdm_dim,dim_fuel_opt_terminal_info,Provider,databricks,
fc_entdata_gold,cdm_dim,dim_fuel_opt_terminal_info,Owner,omry7478@retailer.com,
fc_entdata_gold,cdm_dim,dim_fuel_opt_terminal_info,Table Properties,[],
fc_entdata_gold,cdm_dim,dim_fuel_opt_vendor,fuelopt_sk,bigint,null
fc_entdata_gold,cdm_dim,dim_fuel_opt_vendor,vend_id,string,null
fc_entdata_gold,cdm_dim,dim_fuel_opt_vendor,vend_tax_id,string,null
fc_entdata_gold,cdm_dim,dim_fuel_opt_vendor,vend_duns_id,string,null
fc_entdata_gold,cdm_dim,dim_fuel_opt_vendor,vend_scac_id,string,null
fc_entdata_gold,cdm_dim,dim_fuel_opt_vendor,vend_description,string,null
fc_entdata_gold,cdm_dim,dim_fuel_opt_vendor,vend_alt_description,string,null
fc_entdata_gold,cdm_dim,dim_fuel_opt_vendor,vend_address_1,string,null
fc_entdata_gold,cdm_dim,dim_fuel_opt_vendor,vend_address_2,string,null
fc_entdata_gold,cdm_dim,dim_fuel_opt_vendor,vend_city,string,null
fc_entdata_gold,cdm_dim,dim_fuel_opt_vendor,state_code,string,null
fc_entdata_gold,cdm_dim,dim_fuel_opt_vendor,vend_postal_code,string,null
fc_entdata_gold,cdm_dim,dim_fuel_opt_vendor,vend_phone,string,null
fc_entdata_gold,cdm_dim,dim_fuel_opt_vendor,vend_alt_phone,string,null
fc_entdata_gold,cdm_dim,dim_fuel_opt_vendor,vend_fax,string,null
fc_entdata_gold,cdm_dim,dim_fuel_opt_vendor,vend_contact_name,string,null
fc_entdata_gold,cdm_dim,dim_fuel_opt_vendor,vend_email_address,string,null
fc_entdata_gold,cdm_dim,dim_fuel_opt_vendor,apterms_due_days,string,null
fc_entdata_gold,cdm_dim,dim_fuel_opt_vendor,vend_key,bigint,null
fc_entdata_gold,cdm_dim,dim_fuel_opt_vendor,loadtime,timestamp,null
fc_entdata_gold,cdm_dim,dim_fuel_opt_vendor,is_current,int,null
fc_entdata_gold,cdm_dim,dim_fuel_opt_vendor,data_src_key,int,null
fc_entdata_gold,cdm_dim,dim_fuel_opt_vendor,start_date,date,null
fc_entdata_gold,cdm_dim,dim_fuel_opt_vendor,end_date,date,null
fc_entdata_gold,cdm_dim,dim_fuel_opt_vendor,created_date,timestamp,null
fc_entdata_gold,cdm_dim,dim_fuel_opt_vendor,updated_date,timestamp,null
fc_entdata_gold,cdm_dim,dim_fuel_opt_vendor,created_by,string,null
fc_entdata_gold,cdm_dim,dim_fuel_opt_vendor,updated_by,string,null
fc_entdata_gold,cdm_dim,dim_fuel_opt_vendor,is_referred,boolean,null
fc_entdata_gold,cdm_dim,dim_fuel_opt_vendor,Catalog,fc_entdata_gold,
fc_entdata_gold,cdm_dim,dim_fuel_opt_vendor,Database,cdm_dim,
fc_entdata_gold,cdm_dim,dim_fuel_opt_vendor,Table,dim_fuel_opt_vendor,
fc_entdata_gold,cdm_dim,dim_fuel_opt_vendor,Created Time,Tue Sep 23 19:15:50 UTC 2025,
fc_entdata_gold,cdm_dim,dim_fuel_opt_vendor,Last Access,UNKNOWN,
fc_entdata_gold,cdm_dim,dim_fuel_opt_vendor,Created By,Spark ,
fc_entdata_gold,cdm_dim,dim_fuel_opt_vendor,Type,FOREIGN,
fc_entdata_gold,cdm_dim,dim_fuel_opt_vendor,Provider,databricks,
fc_entdata_gold,cdm_dim,dim_fuel_opt_vendor,Owner,omry7478@retailer.com,
fc_entdata_gold,cdm_dim,dim_fuel_opt_vendor,Table Properties,[],
fc_entdata_gold,cdm_dim,dim_fuel_vendor,Vend_Key,bigint,null
fc_entdata_gold,cdm_dim,dim_fuel_vendor,FO_Vend_ID,string,null
fc_entdata_gold,cdm_dim,dim_fuel_vendor,FO_Vend_Tax_ID,string,null
fc_entdata_gold,cdm_dim,dim_fuel_vendor,FO_Vend_DUNS_ID,string,null
fc_entdata_gold,cdm_dim,dim_fuel_vendor,FO_Vend_SCAC_ID,string,null
fc_entdata_gold,cdm_dim,dim_fuel_vendor,FO_Vend_Description,string,null
fc_entdata_gold,cdm_dim,dim_fuel_vendor,FO_Vend_Alt_Description,string,null
fc_entdata_gold,cdm_dim,dim_fuel_vendor,FO_Vend_Address_1,string,null
fc_entdata_gold,cdm_dim,dim_fuel_vendor,FO_Vend_Address_2,string,null
fc_entdata_gold,cdm_dim,dim_fuel_vendor,FO_Vend_City,string,null
fc_entdata_gold,cdm_dim,dim_fuel_vendor,FO_State_Code,string,null
fc_entdata_gold,cdm_dim,dim_fuel_vendor,FO_Vend_Postal_Code,string,null
fc_entdata_gold,cdm_dim,dim_fuel_vendor,FO_Vend_Phone,string,null
fc_entdata_gold,cdm_dim,dim_fuel_vendor,FO_Vend_Alt_Phone,string,null
fc_entdata_gold,cdm_dim,dim_fuel_vendor,FO_Vend_FAX,string,null
fc_entdata_gold,cdm_dim,dim_fuel_vendor,FO_Vend_Contact_Name,string,null
fc_entdata_gold,cdm_dim,dim_fuel_vendor,FO_Vend_Email_Address,string,null
fc_entdata_gold,cdm_dim,dim_fuel_vendor,FO_APTerms_Due_Days,string,null
fc_entdata_gold,cdm_dim,dim_fuel_vendor,Allegro_ParentCounterparty,string,null
fc_entdata_gold,cdm_dim,dim_fuel_vendor,allegro_child_vendor,string,null
fc_entdata_gold,cdm_dim,dim_fuel_vendor,Allegro_counter_party_pdi_id,string,null
fc_entdata_gold,cdm_dim,dim_fuel_vendor,Allegro_child_vendor_pdi_id,string,null
fc_entdata_gold,cdm_dim,dim_fuel_vendor,Allegro_PDI_Vendor_ID,string,null
fc_entdata_gold,cdm_dim,dim_fuel_vendor,RA_BAID,int,null
fc_entdata_gold,cdm_dim,dim_fuel_vendor,Name,string,null
fc_entdata_gold,cdm_dim,dim_fuel_vendor,RA_pdi_vendorid,int,null
fc_entdata_gold,cdm_dim,dim_fuel_vendor,Catalog,fc_entdata_gold,
fc_entdata_gold,cdm_dim,dim_fuel_vendor,Database,cdm_dim,
fc_entdata_gold,cdm_dim,dim_fuel_vendor,Table,dim_fuel_vendor,
fc_entdata_gold,cdm_dim,dim_fuel_vendor,Created Time,Tue Sep 23 19:15:50 UTC 2025,
fc_entdata_gold,cdm_dim,dim_fuel_vendor,Last Access,UNKNOWN,
fc_entdata_gold,cdm_dim,dim_fuel_vendor,Created By,Spark ,
fc_entdata_gold,cdm_dim,dim_fuel_vendor,Type,FOREIGN,
fc_entdata_gold,cdm_dim,dim_fuel_vendor,Provider,databricks,
fc_entdata_gold,cdm_dim,dim_fuel_vendor,Owner,omry7478@retailer.com,
fc_entdata_gold,cdm_dim,dim_fuel_vendor,Table Properties,[],
fc_entdata_gold,cdm_dim,dim_gl_item_catg,item_category,string,null
fc_entdata_gold,cdm_dim,dim_gl_item_catg,item_gl_category,string,null
fc_entdata_gold,cdm_dim,dim_gl_item_catg,loadtime,string,null
fc_entdata_gold,cdm_dim,dim_gl_item_catg,start_date,date,null
fc_entdata_gold,cdm_dim,dim_gl_item_catg,end_date,date,null
fc_entdata_gold,cdm_dim,dim_gl_item_catg,is_current,int,null
fc_entdata_gold,cdm_dim,dim_gl_item_catg,data_src_key,int,null
fc_entdata_gold,cdm_dim,dim_gl_item_catg,created_date,timestamp,null
fc_entdata_gold,cdm_dim,dim_gl_item_catg,updated_date,timestamp,null
fc_entdata_gold,cdm_dim,dim_gl_item_catg,created_by,string,null
fc_entdata_gold,cdm_dim,dim_gl_item_catg,updated_by,string,null
fc_entdata_gold,cdm_dim,dim_gl_item_catg,is_referred,boolean,null
fc_entdata_gold,cdm_dim,dim_gl_item_catg,Catalog,fc_entdata_gold,
fc_entdata_gold,cdm_dim,dim_gl_item_catg,Database,cdm_dim,
fc_entdata_gold,cdm_dim,dim_gl_item_catg,Table,dim_gl_item_catg,
fc_entdata_gold,cdm_dim,dim_gl_item_catg,Created Time,Tue Apr 22 17:27:10 UTC 2025,
fc_entdata_gold,cdm_dim,dim_gl_item_catg,Last Access,UNKNOWN,
fc_entdata_gold,cdm_dim,dim_gl_item_catg,Created By,Spark ,
fc_entdata_gold,cdm_dim,dim_gl_item_catg,Type,FOREIGN,
fc_entdata_gold,cdm_dim,dim_gl_item_catg,Provider,databricks,
fc_entdata_gold,cdm_dim,dim_gl_item_catg,Owner,omry7478@retailer.com,
fc_entdata_gold,cdm_dim,dim_gl_item_catg,Table Properties,[],
fc_entdata_gold,cdm_dim,dim_item,item_key,bigint,null
fc_entdata_gold,cdm_dim,dim_item,src_item_key,int,null
fc_entdata_gold,cdm_dim,dim_item,item_brand,string,null
fc_entdata_gold,cdm_dim,dim_item,item_category,string,null
fc_entdata_gold,cdm_dim,dim_item,item_desc,string,null
fc_entdata_gold,cdm_dim,dim_item,item_ebt,int,null
fc_entdata_gold,cdm_dim,dim_item,item_group,string,null
fc_entdata_gold,cdm_dim,dim_item,is_ingredient,int,null
fc_entdata_gold,cdm_dim,dim_item,is_recipe,int,null
fc_entdata_gold,cdm_dim,dim_item,is_expensed,int,null
fc_entdata_gold,cdm_dim,dim_item,legacy_lc,string,null
fc_entdata_gold,cdm_dim,dim_item,item_mfg,string,null
fc_entdata_gold,cdm_dim,dim_item,item_number,int,null
fc_entdata_gold,cdm_dim,dim_item,item_status,int,null
fc_entdata_gold,cdm_dim,dim_item,subgroup,string,null
fc_entdata_gold,cdm_dim,dim_item,tax_type,int,null
fc_entdata_gold,cdm_dim,dim_item,item_type,string,null
fc_entdata_gold,cdm_dim,dim_item,category_id,int,null
fc_entdata_gold,cdm_dim,dim_item,group_id,int,null
fc_entdata_gold,cdm_dim,dim_item,subgroup_id,int,null
fc_entdata_gold,cdm_dim,dim_item,gl_category,string,null
fc_entdata_gold,cdm_dim,dim_item,start_date,date,null
fc_entdata_gold,cdm_dim,dim_item,end_date,date,null
fc_entdata_gold,cdm_dim,dim_item,is_current,int,null
fc_entdata_gold,cdm_dim,dim_item,data_src_key,int,null
fc_entdata_gold,cdm_dim,dim_item,created_date,timestamp,null
fc_entdata_gold,cdm_dim,dim_item,updated_date,timestamp,null
fc_entdata_gold,cdm_dim,dim_item,created_by,string,null
fc_entdata_gold,cdm_dim,dim_item,updated_by,string,null
fc_entdata_gold,cdm_dim,dim_item,is_referred,string,null
fc_entdata_gold,cdm_dim,dim_item,item_inactive_date,date,null
fc_entdata_gold,cdm_dim,dim_item,upc_size,string,null
fc_entdata_gold,cdm_dim,dim_item,active_merch_flag,string,null
fc_entdata_gold,cdm_dim,dim_item,last_txn_date,date,null
fc_entdata_gold,cdm_dim,dim_item,item_global_product_name,string,null
fc_entdata_gold,cdm_dim,dim_item,Item_foodsegment,string,null
fc_entdata_gold,cdm_dim,dim_item,is_deleted,boolean,null
fc_entdata_gold,cdm_dim,dim_item,ounces,int,null
fc_entdata_gold,cdm_dim,dim_item,size_num,string,null
fc_entdata_gold,cdm_dim,dim_item,measurement,string,null
fc_entdata_gold,cdm_dim,dim_item,Catalog,fc_entdata_gold,
fc_entdata_gold,cdm_dim,dim_item,Database,cdm_dim,
fc_entdata_gold,cdm_dim,dim_item,Table,dim_item,
fc_entdata_gold,cdm_dim,dim_item,Created Time,Tue Apr 22 17:27:10 UTC 2025,
fc_entdata_gold,cdm_dim,dim_item,Last Access,UNKNOWN,
fc_entdata_gold,cdm_dim,dim_item,Created By,Spark ,
fc_entdata_gold,cdm_dim,dim_item,Type,FOREIGN,
fc_entdata_gold,cdm_dim,dim_item,Provider,databricks,
fc_entdata_gold,cdm_dim,dim_item,Owner,omry7478@retailer.com,
fc_entdata_gold,cdm_dim,dim_item,Table Properties,[],
fc_entdata_gold,cdm_dim,dim_item_upc,item_upc_key,bigint,null
fc_entdata_gold,cdm_dim,dim_item_upc,src_item_key,int,null
fc_entdata_gold,cdm_dim,dim_item_upc,item_brand,string,null
fc_entdata_gold,cdm_dim,dim_item_upc,item_category,string,null
fc_entdata_gold,cdm_dim,dim_item_upc,item_desc,string,null
fc_entdata_gold,cdm_dim,dim_item_upc,item_ebt,int,null
fc_entdata_gold,cdm_dim,dim_item_upc,item_group,string,null
fc_entdata_gold,cdm_dim,dim_item_upc,is_ingredient,int,null
fc_entdata_gold,cdm_dim,dim_item_upc,is_recipe,int,null
fc_entdata_gold,cdm_dim,dim_item_upc,is_expensed,int,null
fc_entdata_gold,cdm_dim,dim_item_upc,legacy_lc,string,null
fc_entdata_gold,cdm_dim,dim_item_upc,item_mfg,string,null
fc_entdata_gold,cdm_dim,dim_item_upc,item_number,int,null
fc_entdata_gold,cdm_dim,dim_item_upc,item_status,int,null
fc_entdata_gold,cdm_dim,dim_item_upc,subgroup,string,null
fc_entdata_gold,cdm_dim,dim_item_upc,tax_type,int,null
fc_entdata_gold,cdm_dim,dim_item_upc,item_type,string,null
fc_entdata_gold,cdm_dim,dim_item_upc,upc_code,bigint,null
fc_entdata_gold,cdm_dim,dim_item_upc,upc_desc,string,null
fc_entdata_gold,cdm_dim,dim_item_upc,upc_disc_date,timestamp,null
fc_entdata_gold,cdm_dim,dim_item_upc,upc_pack_quant,int,null
fc_entdata_gold,cdm_dim,dim_item_upc,upc_package,string,null
fc_entdata_gold,cdm_dim,dim_item_upc,upc_is_purchase,int,null
fc_entdata_gold,cdm_dim,dim_item_upc,upc_is_sell,int,null
fc_entdata_gold,cdm_dim,dim_item_upc,upc_size,string,null
fc_entdata_gold,cdm_dim,dim_item_upc,upc_scanmod,int,null
fc_entdata_gold,cdm_dim,dim_item_upc,buskey,string,null
fc_entdata_gold,cdm_dim,dim_item_upc,category_id,int,null
fc_entdata_gold,cdm_dim,dim_item_upc,group_id,int,null
fc_entdata_gold,cdm_dim,dim_item_upc,subgroup_id,int,null
fc_entdata_gold,cdm_dim,dim_item_upc,gl_category,string,null
fc_entdata_gold,cdm_dim,dim_item_upc,sizenum,string,null
fc_entdata_gold,cdm_dim,dim_item_upc,measurement,string,null
fc_entdata_gold,cdm_dim,dim_item_upc,ounces,string,null
fc_entdata_gold,cdm_dim,dim_item_upc,barcode,bigint,null
fc_entdata_gold,cdm_dim,dim_item_upc,start_date,date,null
fc_entdata_gold,cdm_dim,dim_item_upc,end_date,date,null
fc_entdata_gold,cdm_dim,dim_item_upc,new_upc_code,bigint,null
fc_entdata_gold,cdm_dim,dim_item_upc,is_current,int,null
fc_entdata_gold,cdm_dim,dim_item_upc,data_src_key,int,null
fc_entdata_gold,cdm_dim,dim_item_upc,created_date,timestamp,null
fc_entdata_gold,cdm_dim,dim_item_upc,updated_date,timestamp,null
fc_entdata_gold,cdm_dim,dim_item_upc,created_by,string,null
fc_entdata_gold,cdm_dim,dim_item_upc,updated_by,string,null
fc_entdata_gold,cdm_dim,dim_item_upc,is_referred,string,null
fc_entdata_gold,cdm_dim,dim_item_upc,is_deleted,boolean,null
fc_entdata_gold,cdm_dim,dim_item_upc,Catalog,fc_entdata_gold,
fc_entdata_gold,cdm_dim,dim_item_upc,Database,cdm_dim,
fc_entdata_gold,cdm_dim,dim_item_upc,Table,dim_item_upc,
fc_entdata_gold,cdm_dim,dim_item_upc,Created Time,Tue Apr 22 17:27:10 UTC 2025,
fc_entdata_gold,cdm_dim,dim_item_upc,Last Access,UNKNOWN,
fc_entdata_gold,cdm_dim,dim_item_upc,Created By,Spark ,
fc_entdata_gold,cdm_dim,dim_item_upc,Type,FOREIGN,
fc_entdata_gold,cdm_dim,dim_item_upc,Provider,databricks,
fc_entdata_gold,cdm_dim,dim_item_upc,Owner,omry7478@retailer.com,
fc_entdata_gold,cdm_dim,dim_item_upc,Table Properties,[],
fc_entdata_gold,cdm_dim,dim_item_upc_pdi,itemupc_key,bigint,null
fc_entdata_gold,cdm_dim,dim_item_upc_pdi,src_itemupc_key,int,null
fc_entdata_gold,cdm_dim,dim_item_upc_pdi,itempkg_key,int,null
fc_entdata_gold,cdm_dim,dim_item_upc_pdi,src_itempkg_key,int,null
fc_entdata_gold,cdm_dim,dim_item_upc_pdi,item_key,int,null
fc_entdata_gold,cdm_dim,dim_item_upc_pdi,src_item_key,int,null
fc_entdata_gold,cdm_dim,dim_item_upc_pdi,itemupc_number,bigint,null
fc_entdata_gold,cdm_dim,dim_item_upc_pdi,item_brand,string,null
fc_entdata_gold,cdm_dim,dim_item_upc_pdi,item_category,string,null
fc_entdata_gold,cdm_dim,dim_item_upc_pdi,item_description,string,null
fc_entdata_gold,cdm_dim,dim_item_upc_pdi,item_ebt,int,null
fc_entdata_gold,cdm_dim,dim_item_upc_pdi,item_group,string,null
fc_entdata_gold,cdm_dim,dim_item_upc_pdi,is_ingredient,int,null
fc_entdata_gold,cdm_dim,dim_item_upc_pdi,is_recipe,int,null
fc_entdata_gold,cdm_dim,dim_item_upc_pdi,is_expensed,int,null
fc_entdata_gold,cdm_dim,dim_item_upc_pdi,legacy_lc,string,null
fc_entdata_gold,cdm_dim,dim_item_upc_pdi,item_mfg,string,null
fc_entdata_gold,cdm_dim,dim_item_upc_pdi,item_number,int,null
fc_entdata_gold,cdm_dim,dim_item_upc_pdi,item_status,int,null
fc_entdata_gold,cdm_dim,dim_item_upc_pdi,subgroup,string,null
fc_entdata_gold,cdm_dim,dim_item_upc_pdi,tax_type,int,null
fc_entdata_gold,cdm_dim,dim_item_upc_pdi,item_type,string,null
fc_entdata_gold,cdm_dim,dim_item_upc_pdi,upc_code,bigint,null
fc_entdata_gold,cdm_dim,dim_item_upc_pdi,ultralong_desc,string,null
fc_entdata_gold,cdm_dim,dim_item_upc_pdi,long_desc,string,null
fc_entdata_gold,cdm_dim,dim_item_upc_pdi,short_desc,string,null
fc_entdata_gold,cdm_dim,dim_item_upc_pdi,ultrashort_desc,string,null
fc_entdata_gold,cdm_dim,dim_item_upc_pdi,item_upc_disc_date,timestamp,null
fc_entdata_gold,cdm_dim,dim_item_upc_pdi,sell_uom_units,"decimal(12,5)",null
fc_entdata_gold,cdm_dim,dim_item_upc_pdi,item_upc_pack_quant,int,null
fc_entdata_gold,cdm_dim,dim_item_upc_pdi,item_upc_package,string,null
fc_entdata_gold,cdm_dim,dim_item_upc_pdi,item_upc_is_purchase,int,null
fc_entdata_gold,cdm_dim,dim_item_upc_pdi,item_upc_is_sell,int,null
fc_entdata_gold,cdm_dim,dim_item_upc_pdi,item_upc_size,string,null
fc_entdata_gold,cdm_dim,dim_item_upc_pdi,scan_modifier,int,null
fc_entdata_gold,cdm_dim,dim_item_upc_pdi,buskey,string,null
fc_entdata_gold,cdm_dim,dim_item_upc_pdi,item_categoryid,int,null
fc_entdata_gold,cdm_dim,dim_item_upc_pdi,item_groupid,int,null
fc_entdata_gold,cdm_dim,dim_item_upc_pdi,item_subgroupid,int,null
fc_entdata_gold,cdm_dim,dim_item_upc_pdi,product_gl_category,string,null
fc_entdata_gold,cdm_dim,dim_item_upc_pdi,item_size_num,string,null
fc_entdata_gold,cdm_dim,dim_item_upc_pdi,measurement,string,null
fc_entdata_gold,cdm_dim,dim_item_upc_pdi,item_ounces,string,null
fc_entdata_gold,cdm_dim,dim_item_upc_pdi,barcode,bigint,null
fc_entdata_gold,cdm_dim,dim_item_upc_pdi,start_date,date,null
fc_entdata_gold,cdm_dim,dim_item_upc_pdi,end_date,date,null
fc_entdata_gold,cdm_dim,dim_item_upc_pdi,new_produpccode,bigint,null
fc_entdata_gold,cdm_dim,dim_item_upc_pdi,is_current,int,null
fc_entdata_gold,cdm_dim,dim_item_upc_pdi,data_src_key,int,null
fc_entdata_gold,cdm_dim,dim_item_upc_pdi,created_date,timestamp,null
fc_entdata_gold,cdm_dim,dim_item_upc_pdi,updated_date,timestamp,null
fc_entdata_gold,cdm_dim,dim_item_upc_pdi,created_by,string,null
fc_entdata_gold,cdm_dim,dim_item_upc_pdi,updated_by,string,null
fc_entdata_gold,cdm_dim,dim_item_upc_pdi,is_referred,string,null
fc_entdata_gold,cdm_dim,dim_item_upc_pdi,is_deleted,boolean,null
fc_entdata_gold,cdm_dim,dim_item_upc_pdi,Catalog,fc_entdata_gold,
fc_entdata_gold,cdm_dim,dim_item_upc_pdi,Database,cdm_dim,
fc_entdata_gold,cdm_dim,dim_item_upc_pdi,Table,dim_item_upc_pdi,
fc_entdata_gold,cdm_dim,dim_item_upc_pdi,Created Time,Tue Apr 22 17:27:10 UTC 2025,
fc_entdata_gold,cdm_dim,dim_item_upc_pdi,Last Access,UNKNOWN,
fc_entdata_gold,cdm_dim,dim_item_upc_pdi,Created By,Spark ,
fc_entdata_gold,cdm_dim,dim_item_upc_pdi,Type,FOREIGN,
fc_entdata_gold,cdm_dim,dim_item_upc_pdi,Provider,databricks,
fc_entdata_gold,cdm_dim,dim_item_upc_pdi,Owner,omry7478@retailer.com,
fc_entdata_gold,cdm_dim,dim_item_upc_pdi,Table Properties,[],
fc_entdata_gold,cdm_dim,dim_item_vendor_assignment,assignment_key,bigint,null
fc_entdata_gold,cdm_dim,dim_item_vendor_assignment,item_key,bigint,null
fc_entdata_gold,cdm_dim,dim_item_vendor_assignment,vend_key,bigint,null
fc_entdata_gold,cdm_dim,dim_item_vendor_assignment,store_key,int,null
fc_entdata_gold,cdm_dim,dim_item_vendor_assignment,VendItem_Number,string,null
fc_entdata_gold,cdm_dim,dim_item_vendor_assignment,loadtime,string,null
fc_entdata_gold,cdm_dim,dim_item_vendor_assignment,data_src_key,int,null
fc_entdata_gold,cdm_dim,dim_item_vendor_assignment,created_date,timestamp,null
fc_entdata_gold,cdm_dim,dim_item_vendor_assignment,updated_date,timestamp,null
fc_entdata_gold,cdm_dim,dim_item_vendor_assignment,created_by,string,null
fc_entdata_gold,cdm_dim,dim_item_vendor_assignment,updated_by,string,null
fc_entdata_gold,cdm_dim,dim_item_vendor_assignment,Catalog,fc_entdata_gold,
fc_entdata_gold,cdm_dim,dim_item_vendor_assignment,Database,cdm_dim,
fc_entdata_gold,cdm_dim,dim_item_vendor_assignment,Table,dim_item_vendor_assignment,
fc_entdata_gold,cdm_dim,dim_item_vendor_assignment,Created Time,Tue Apr 22 17:27:10 UTC 2025,
fc_entdata_gold,cdm_dim,dim_item_vendor_assignment,Last Access,UNKNOWN,
fc_entdata_gold,cdm_dim,dim_item_vendor_assignment,Created By,Spark ,
fc_entdata_gold,cdm_dim,dim_item_vendor_assignment,Type,FOREIGN,
fc_entdata_gold,cdm_dim,dim_item_vendor_assignment,Provider,databricks,
fc_entdata_gold,cdm_dim,dim_item_vendor_assignment,Owner,omry7478@retailer.com,
fc_entdata_gold,cdm_dim,dim_item_vendor_assignment,Table Properties,[],
fc_entdata_gold,cdm_dim,dim_menu_item,menuitem_key,bigint,null
fc_entdata_gold,cdm_dim,dim_menu_item,BusKey,string,null
fc_entdata_gold,cdm_dim,dim_menu_item,item_number,int,null
fc_entdata_gold,cdm_dim,dim_menu_item,item_key,bigint,null
fc_entdata_gold,cdm_dim,dim_menu_item,Ingredient_item_number,int,null
fc_entdata_gold,cdm_dim,dim_menu_item,IngredientItemKey,bigint,null
fc_entdata_gold,cdm_dim,dim_menu_item,Ingredient_quantity,"decimal(25,4)",null
fc_entdata_gold,cdm_dim,dim_menu_item,loadtime,date,null
fc_entdata_gold,cdm_dim,dim_menu_item,start_date,date,null
fc_entdata_gold,cdm_dim,dim_menu_item,end_date,timestamp,null
fc_entdata_gold,cdm_dim,dim_menu_item,is_current,int,null
fc_entdata_gold,cdm_dim,dim_menu_item,is_deleted,string,null
fc_entdata_gold,cdm_dim,dim_menu_item,Catalog,fc_entdata_gold,
fc_entdata_gold,cdm_dim,dim_menu_item,Database,cdm_dim,
fc_entdata_gold,cdm_dim,dim_menu_item,Table,dim_menu_item,
fc_entdata_gold,cdm_dim,dim_menu_item,Created Time,Tue Sep 23 19:15:50 UTC 2025,
fc_entdata_gold,cdm_dim,dim_menu_item,Last Access,UNKNOWN,
fc_entdata_gold,cdm_dim,dim_menu_item,Created By,Spark ,
fc_entdata_gold,cdm_dim,dim_menu_item,Type,FOREIGN,
fc_entdata_gold,cdm_dim,dim_menu_item,Provider,databricks,
fc_entdata_gold,cdm_dim,dim_menu_item,Owner,omry7478@retailer.com,
fc_entdata_gold,cdm_dim,dim_menu_item,Table Properties,[],
fc_entdata_gold,cdm_dim,dim_merchant_hierarchy_all,merchant_hierarchy_key,bigint,null
fc_entdata_gold,cdm_dim,dim_merchant_hierarchy_all,id,int,null
fc_entdata_gold,cdm_dim,dim_merchant_hierarchy_all,modified_date,timestamp,null
fc_entdata_gold,cdm_dim,dim_merchant_hierarchy_all,modified_by,string,null
fc_entdata_gold,cdm_dim,dim_merchant_hierarchy_all,active,boolean,null
fc_entdata_gold,cdm_dim,dim_merchant_hierarchy_all,store_key,int,null
fc_entdata_gold,cdm_dim,dim_merchant_hierarchy_all,store_number,int,null
fc_entdata_gold,cdm_dim,dim_merchant_hierarchy_all,store_name,string,null
fc_entdata_gold,cdm_dim,dim_merchant_hierarchy_all,operator_id,int,null
fc_entdata_gold,cdm_dim,dim_merchant_hierarchy_all,mid,string,null
fc_entdata_gold,cdm_dim,dim_merchant_hierarchy_all,proc_id,string,null
fc_entdata_gold,cdm_dim,dim_merchant_hierarchy_all,amex,string,null
fc_entdata_gold,cdm_dim,dim_merchant_hierarchy_all,debit,string,null
fc_entdata_gold,cdm_dim,dim_merchant_hierarchy_all,discover,string,null
fc_entdata_gold,cdm_dim,dim_merchant_hierarchy_all,npc,string,null
fc_entdata_gold,cdm_dim,dim_merchant_hierarchy_all,wex,string,null
fc_entdata_gold,cdm_dim,dim_merchant_hierarchy_all,voyager,string,null
fc_entdata_gold,cdm_dim,dim_merchant_hierarchy_all,ebt,string,null
fc_entdata_gold,cdm_dim,dim_merchant_hierarchy_all,comdata,string,null
fc_entdata_gold,cdm_dim,dim_merchant_hierarchy_all,t_chek,string,null
fc_entdata_gold,cdm_dim,dim_merchant_hierarchy_all,fleetone,string,null
fc_entdata_gold,cdm_dim,dim_merchant_hierarchy_all,tch,string,null
fc_entdata_gold,cdm_dim,dim_merchant_hierarchy_all,efs_fleet,string,null
fc_entdata_gold,cdm_dim,dim_merchant_hierarchy_all,processor,string,null
fc_entdata_gold,cdm_dim,dim_merchant_hierarchy_all,external_id,string,null
fc_entdata_gold,cdm_dim,dim_merchant_hierarchy_all,north_id,string,null
fc_entdata_gold,cdm_dim,dim_merchant_hierarchy_all,fuelman,string,null
fc_entdata_gold,cdm_dim,dim_merchant_hierarchy_all,multi_service,string,null
fc_entdata_gold,cdm_dim,dim_merchant_hierarchy_all,station_id,string,null
fc_entdata_gold,cdm_dim,dim_merchant_hierarchy_all,truck_stop_id,string,null
fc_entdata_gold,cdm_dim,dim_merchant_hierarchy_all,loadtime,string,null
fc_entdata_gold,cdm_dim,dim_merchant_hierarchy_all,start_date,date,null
fc_entdata_gold,cdm_dim,dim_merchant_hierarchy_all,end_date,date,null
fc_entdata_gold,cdm_dim,dim_merchant_hierarchy_all,is_current,int,null
fc_entdata_gold,cdm_dim,dim_merchant_hierarchy_all,data_src_key,int,null
fc_entdata_gold,cdm_dim,dim_merchant_hierarchy_all,created_date,timestamp,null
fc_entdata_gold,cdm_dim,dim_merchant_hierarchy_all,updated_date,timestamp,null
fc_entdata_gold,cdm_dim,dim_merchant_hierarchy_all,created_by,string,null
fc_entdata_gold,cdm_dim,dim_merchant_hierarchy_all,updated_by,string,null
fc_entdata_gold,cdm_dim,dim_merchant_hierarchy_all,is_referred,boolean,null
fc_entdata_gold,cdm_dim,dim_merchant_hierarchy_all,Catalog,fc_entdata_gold,
fc_entdata_gold,cdm_dim,dim_merchant_hierarchy_all,Database,cdm_dim,
fc_entdata_gold,cdm_dim,dim_merchant_hierarchy_all,Table,dim_merchant_hierarchy_all,
fc_entdata_gold,cdm_dim,dim_merchant_hierarchy_all,Created Time,Tue Apr 22 17:27:10 UTC 2025,
fc_entdata_gold,cdm_dim,dim_merchant_hierarchy_all,Last Access,UNKNOWN,
fc_entdata_gold,cdm_dim,dim_merchant_hierarchy_all,Created By,Spark ,
fc_entdata_gold,cdm_dim,dim_merchant_hierarchy_all,Type,FOREIGN,
fc_entdata_gold,cdm_dim,dim_merchant_hierarchy_all,Provider,databricks,
fc_entdata_gold,cdm_dim,dim_merchant_hierarchy_all,Owner,omry7478@retailer.com,
fc_entdata_gold,cdm_dim,dim_merchant_hierarchy_all,Table Properties,[],
fc_entdata_gold,cdm_dim,dim_opis_station,opis_stations_scd_key,bigint,null
fc_entdata_gold,cdm_dim,dim_opis_station,md_5_text,string,null
fc_entdata_gold,cdm_dim,dim_opis_station,station_id,string,null
fc_entdata_gold,cdm_dim,dim_opis_station,station_name,string,null
fc_entdata_gold,cdm_dim,dim_opis_station,address,string,null
fc_entdata_gold,cdm_dim,dim_opis_station,address_2,string,null
fc_entdata_gold,cdm_dim,dim_opis_station,city,string,null
fc_entdata_gold,cdm_dim,dim_opis_station,county,string,null
fc_entdata_gold,cdm_dim,dim_opis_station,state,string,null
fc_entdata_gold,cdm_dim,dim_opis_station,postal_code,string,null
fc_entdata_gold,cdm_dim,dim_opis_station,region,string,null
fc_entdata_gold,cdm_dim,dim_opis_station,msa,string,null
fc_entdata_gold,cdm_dim,dim_opis_station,latitude,string,null
fc_entdata_gold,cdm_dim,dim_opis_station,longitude,string,null
fc_entdata_gold,cdm_dim,dim_opis_station,store_brand,string,null
fc_entdata_gold,cdm_dim,dim_opis_station,gas_brand,string,null
fc_entdata_gold,cdm_dim,dim_opis_station,corporate_brand,string,null
fc_entdata_gold,cdm_dim,dim_opis_station,phone_number,string,null
fc_entdata_gold,cdm_dim,dim_opis_station,station_create_date,date,null
fc_entdata_gold,cdm_dim,dim_opis_station,truck_stop_id,string,null
fc_entdata_gold,cdm_dim,dim_opis_station,loadtime,string,null
fc_entdata_gold,cdm_dim,dim_opis_station,start_date,date,null
fc_entdata_gold,cdm_dim,dim_opis_station,end_date,date,null
fc_entdata_gold,cdm_dim,dim_opis_station,is_current,int,null
fc_entdata_gold,cdm_dim,dim_opis_station,data_src_key,int,null
fc_entdata_gold,cdm_dim,dim_opis_station,created_date,timestamp,null
fc_entdata_gold,cdm_dim,dim_opis_station,updated_date,timestamp,null
fc_entdata_gold,cdm_dim,dim_opis_station,created_by,string,null
fc_entdata_gold,cdm_dim,dim_opis_station,updated_by,string,null
fc_entdata_gold,cdm_dim,dim_opis_station,is_referred,boolean,null
fc_entdata_gold,cdm_dim,dim_opis_station,Catalog,fc_entdata_gold,
fc_entdata_gold,cdm_dim,dim_opis_station,Database,cdm_dim,
fc_entdata_gold,cdm_dim,dim_opis_station,Table,dim_opis_station,
fc_entdata_gold,cdm_dim,dim_opis_station,Created Time,Tue Apr 22 17:27:10 UTC 2025,
fc_entdata_gold,cdm_dim,dim_opis_station,Last Access,UNKNOWN,
fc_entdata_gold,cdm_dim,dim_opis_station,Created By,Spark ,
fc_entdata_gold,cdm_dim,dim_opis_station,Type,FOREIGN,
fc_entdata_gold,cdm_dim,dim_opis_station,Provider,databricks,
fc_entdata_gold,cdm_dim,dim_opis_station,Owner,omry7478@retailer.com,
fc_entdata_gold,cdm_dim,dim_opis_station,Table Properties,[],
fc_entdata_gold,cdm_dim,dim_planogram_assignments,planogram_assignment_key,bigint,null
fc_entdata_gold,cdm_dim,dim_planogram_assignments,store_number,int,null
fc_entdata_gold,cdm_dim,dim_planogram_assignments,item_number,string,null
fc_entdata_gold,cdm_dim,dim_planogram_assignments,effective_start_date,timestamp,null
fc_entdata_gold,cdm_dim,dim_planogram_assignments,effective_end_date,timestamp,null
fc_entdata_gold,cdm_dim,dim_planogram_assignments,business_key,string,null
fc_entdata_gold,cdm_dim,dim_planogram_assignments,is_active,boolean,null
fc_entdata_gold,cdm_dim,dim_planogram_assignments,loadtime,string,null
fc_entdata_gold,cdm_dim,dim_planogram_assignments,start_date,date,null
fc_entdata_gold,cdm_dim,dim_planogram_assignments,end_date,date,null
fc_entdata_gold,cdm_dim,dim_planogram_assignments,is_current,int,null
fc_entdata_gold,cdm_dim,dim_planogram_assignments,data_src_key,int,null
fc_entdata_gold,cdm_dim,dim_planogram_assignments,created_date,timestamp,null
fc_entdata_gold,cdm_dim,dim_planogram_assignments,updated_date,timestamp,null
fc_entdata_gold,cdm_dim,dim_planogram_assignments,created_by,string,null
fc_entdata_gold,cdm_dim,dim_planogram_assignments,updated_by,string,null
fc_entdata_gold,cdm_dim,dim_planogram_assignments,is_referred,boolean,null
fc_entdata_gold,cdm_dim,dim_planogram_assignments,Catalog,fc_entdata_gold,
fc_entdata_gold,cdm_dim,dim_planogram_assignments,Database,cdm_dim,
fc_entdata_gold,cdm_dim,dim_planogram_assignments,Table,dim_planogram_assignments,
fc_entdata_gold,cdm_dim,dim_planogram_assignments,Created Time,Tue Apr 22 17:27:10 UTC 2025,
fc_entdata_gold,cdm_dim,dim_planogram_assignments,Last Access,UNKNOWN,
fc_entdata_gold,cdm_dim,dim_planogram_assignments,Created By,Spark ,
fc_entdata_gold,cdm_dim,dim_planogram_assignments,Type,FOREIGN,
fc_entdata_gold,cdm_dim,dim_planogram_assignments,Provider,databricks,
fc_entdata_gold,cdm_dim,dim_planogram_assignments,Owner,omry7478@retailer.com,
fc_entdata_gold,cdm_dim,dim_planogram_assignments,Table Properties,[],
fc_entdata_gold,cdm_dim,dim_products,prod_key,bigint,null
fc_entdata_gold,cdm_dim,dim_products,src_prod_key,bigint,null
fc_entdata_gold,cdm_dim,dim_products,frt_trancode_key,int,null
fc_entdata_gold,cdm_dim,dim_products,fta_prodcode_key,int,null
fc_entdata_gold,cdm_dim,dim_products,prod_alias_grp_key,int,null
fc_entdata_gold,cdm_dim,dim_products,rtl_qty_sold_dataid_key,int,null
fc_entdata_gold,cdm_dim,dim_products,rtl_amt_sold_dataid_key,int,null
fc_entdata_gold,cdm_dim,dim_products,rtl_margin_dataid_key,int,null
fc_entdata_gold,cdm_dim,dim_products,tankrd_adj_dataid_key,int,null
fc_entdata_gold,cdm_dim,dim_products,ending_inv_amt_dataid_key,int,null
fc_entdata_gold,cdm_dim,dim_products,ending_inv_qty_dataid_key,int,null
fc_entdata_gold,cdm_dim,dim_products,prodrptgrp_key,int,null
fc_entdata_gold,cdm_dim,dim_products,critdesc_key,int,null
fc_entdata_gold,cdm_dim,dim_products,trancode_key,int,null
fc_entdata_gold,cdm_dim,dim_products,prodmfg_key,int,null
fc_entdata_gold,cdm_dim,dim_products,comcnvunit_key,int,null
fc_entdata_gold,cdm_dim,dim_products,prod_type,int,null
fc_entdata_gold,cdm_dim,dim_products,prod_id,string,null
fc_entdata_gold,cdm_dim,dim_products,sort_description,string,null
fc_entdata_gold,cdm_dim,dim_products,description,string,null
fc_entdata_gold,cdm_dim,dim_products,fuel_type,int,null
fc_entdata_gold,cdm_dim,dim_products,blended,int,null
fc_entdata_gold,cdm_dim,dim_products,quote_units,int,null
fc_entdata_gold,cdm_dim,dim_products,quote_lifetime,"decimal(25,4)",null
fc_entdata_gold,cdm_dim,dim_products,taxable,int,null
fc_entdata_gold,cdm_dim,dim_products,container,int,null
fc_entdata_gold,cdm_dim,dim_products,allow_subs,int,null
fc_entdata_gold,cdm_dim,dim_products,freight_class,string,null
fc_entdata_gold,cdm_dim,dim_products,octane_rating,"decimal(25,4)",null
fc_entdata_gold,cdm_dim,dim_products,rvp_rating,"decimal(25,4)",null
fc_entdata_gold,cdm_dim,dim_products,ethanol,int,null
fc_entdata_gold,cdm_dim,dim_products,ethanol_blend,int,null
fc_entdata_gold,cdm_dim,dim_products,pct_ethanol,"decimal(25,4)",null
fc_entdata_gold,cdm_dim,dim_products,allow_partial_units,int,null
fc_entdata_gold,cdm_dim,dim_products,active,int,null
fc_entdata_gold,cdm_dim,dim_products,invoice_fee,int,null
fc_entdata_gold,cdm_dim,dim_products,od_fuel_invc,int,null
fc_entdata_gold,cdm_dim,dim_products,od_warehouse_invc,int,null
fc_entdata_gold,cdm_dim,dim_products,cp_invc,int,null
fc_entdata_gold,cdm_dim,dim_products,notes,string,null
fc_entdata_gold,cdm_dim,dim_products,hazardous_material,int,null
fc_entdata_gold,cdm_dim,dim_products,trackinventory_bypackage,int,null
fc_entdata_gold,cdm_dim,dim_products,src_ts,binary,null
fc_entdata_gold,cdm_dim,dim_products,loadtime,string,null
fc_entdata_gold,cdm_dim,dim_products,start_date,date,null
fc_entdata_gold,cdm_dim,dim_products,end_date,date,null
fc_entdata_gold,cdm_dim,dim_products,is_current,int,null
fc_entdata_gold,cdm_dim,dim_products,data_src_key,int,null
fc_entdata_gold,cdm_dim,dim_products,created_date,timestamp,null
fc_entdata_gold,cdm_dim,dim_products,updated_date,timestamp,null
fc_entdata_gold,cdm_dim,dim_products,created_by,string,null
fc_entdata_gold,cdm_dim,dim_products,updated_by,string,null
fc_entdata_gold,cdm_dim,dim_products,is_referred,boolean,null
fc_entdata_gold,cdm_dim,dim_products,Catalog,fc_entdata_gold,
fc_entdata_gold,cdm_dim,dim_products,Database,cdm_dim,
fc_entdata_gold,cdm_dim,dim_products,Table,dim_products,
fc_entdata_gold,cdm_dim,dim_products,Created Time,Tue Sep 23 19:15:50 UTC 2025,
fc_entdata_gold,cdm_dim,dim_products,Last Access,UNKNOWN,
fc_entdata_gold,cdm_dim,dim_products,Created By,Spark ,
fc_entdata_gold,cdm_dim,dim_products,Type,FOREIGN,
fc_entdata_gold,cdm_dim,dim_products,Provider,databricks,
fc_entdata_gold,cdm_dim,dim_products,Owner,omry7478@retailer.com,
fc_entdata_gold,cdm_dim,dim_products,Table Properties,[],
fc_entdata_gold,cdm_dim,dim_promotion,promo_code,int,null
fc_entdata_gold,cdm_dim,dim_promotion,promo_desc,string,null
fc_entdata_gold,cdm_dim,dim_promotion,promo_grp_id,int,null
fc_entdata_gold,cdm_dim,dim_promotion,promo_grp_desc,string,null
fc_entdata_gold,cdm_dim,dim_promotion,promo_sub_grp_id,int,null
fc_entdata_gold,cdm_dim,dim_promotion,promo_sub_grp_desc,string,null
fc_entdata_gold,cdm_dim,dim_promotion,promo_category_id,int,null
fc_entdata_gold,cdm_dim,dim_promotion,promo_category_desc,string,null
fc_entdata_gold,cdm_dim,dim_promotion,promo_brand,string,null
fc_entdata_gold,cdm_dim,dim_promotion,barcode,bigint,null
fc_entdata_gold,cdm_dim,dim_promotion,eff_start_date,timestamp,null
fc_entdata_gold,cdm_dim,dim_promotion,eff_end_date,timestamp,null
fc_entdata_gold,cdm_dim,dim_promotion,data_src_key,string,null
fc_entdata_gold,cdm_dim,dim_promotion,created_date,timestamp,null
fc_entdata_gold,cdm_dim,dim_promotion,updated_date,timestamp,null
fc_entdata_gold,cdm_dim,dim_promotion,created_by,string,null
fc_entdata_gold,cdm_dim,dim_promotion,updated_by,string,null
fc_entdata_gold,cdm_dim,dim_promotion,is_referred,boolean,null
fc_entdata_gold,cdm_dim,dim_promotion,Catalog,fc_entdata_gold,
fc_entdata_gold,cdm_dim,dim_promotion,Database,cdm_dim,
fc_entdata_gold,cdm_dim,dim_promotion,Table,dim_promotion,
fc_entdata_gold,cdm_dim,dim_promotion,Created Time,Tue Apr 22 17:27:11 UTC 2025,
fc_entdata_gold,cdm_dim,dim_promotion,Last Access,UNKNOWN,
fc_entdata_gold,cdm_dim,dim_promotion,Created By,Spark ,
fc_entdata_gold,cdm_dim,dim_promotion,Type,FOREIGN,
fc_entdata_gold,cdm_dim,dim_promotion,Provider,databricks,
fc_entdata_gold,cdm_dim,dim_promotion,Owner,omry7478@retailer.com,
fc_entdata_gold,cdm_dim,dim_promotion,Table Properties,[],
fc_entdata_gold,cdm_dim,dim_rebates,reb_key,bigint,null
fc_entdata_gold,cdm_dim,dim_rebates,src_reb_key,int,null
fc_entdata_gold,cdm_dim,dim_rebates,id,string,null
fc_entdata_gold,cdm_dim,dim_rebates,description,string,null
fc_entdata_gold,cdm_dim,dim_rebates,rebgrp_key,int,null
fc_entdata_gold,cdm_dim,dim_rebates,effective_date,timestamp,null
fc_entdata_gold,cdm_dim,dim_rebates,expires,int,null
fc_entdata_gold,cdm_dim,dim_rebates,expiration_date,timestamp,null
fc_entdata_gold,cdm_dim,dim_rebates,sponsor_type_cd,int,null
fc_entdata_gold,cdm_dim,dim_rebates,itemmfgr_key,int,null
fc_entdata_gold,cdm_dim,dim_rebates,itemmfgr_contact,string,null
fc_entdata_gold,cdm_dim,dim_rebates,itemmfgr_contact_email,string,null
fc_entdata_gold,cdm_dim,dim_rebates,itemmfgr_printdelmethod,int,null
fc_entdata_gold,cdm_dim,dim_rebates,itemmfgr_emaildelmethod,int,null
fc_entdata_gold,cdm_dim,dim_rebates,itemmfgr_faxdelmethod,int,null
fc_entdata_gold,cdm_dim,dim_rebates,type_cd,int,null
fc_entdata_gold,cdm_dim,dim_rebates,use_trait,int,null
fc_entdata_gold,cdm_dim,dim_rebates,trait_key,int,null
fc_entdata_gold,cdm_dim,dim_rebates,site_method_cd,int,null
fc_entdata_gold,cdm_dim,dim_rebates,amt_method_cd,int,null
fc_entdata_gold,cdm_dim,dim_rebates,qty_basis_cd,int,null
fc_entdata_gold,cdm_dim,dim_rebates,amt,"decimal(25,7)",null
fc_entdata_gold,cdm_dim,dim_rebates,def_itemsize_key,int,null
fc_entdata_gold,cdm_dim,dim_rebates,def_item_desc_contains,string,null
fc_entdata_gold,cdm_dim,dim_rebates,def_filter_by_attr,int,null
fc_entdata_gold,cdm_dim,dim_rebates,all_packages_cd,int,null
fc_entdata_gold,cdm_dim,dim_rebates,accr_update_inventory,int,null
fc_entdata_gold,cdm_dim,dim_rebates,accr_glacctmaj_key,int,null
fc_entdata_gold,cdm_dim,dim_rebates,inc_glacctmaj_key,int,null
fc_entdata_gold,cdm_dim,dim_rebates,bill_use_billing,int,null
fc_entdata_gold,cdm_dim,dim_rebates,bill_option_cd,int,null
fc_entdata_gold,cdm_dim,dim_rebates,bill_send_to_sponsor,int,null
fc_entdata_gold,cdm_dim,dim_rebates,bill_format_cd,int,null
fc_entdata_gold,cdm_dim,dim_rebates,bill_include_invc,int,null
fc_entdata_gold,cdm_dim,dim_rebates,bill_accruals_begin_date,timestamp,null
fc_entdata_gold,cdm_dim,dim_rebates,bill_begin_date,timestamp,null
fc_entdata_gold,cdm_dim,dim_rebates,accrual_locked,int,null
fc_entdata_gold,cdm_dim,dim_rebates,billing_locked,int,null
fc_entdata_gold,cdm_dim,dim_rebates,send_export_file,int,null
fc_entdata_gold,cdm_dim,dim_rebates,calc_basis,int,null
fc_entdata_gold,cdm_dim,dim_rebates,limit_to_promosales,int,null
fc_entdata_gold,cdm_dim,dim_rebates,inactive,int,null
fc_entdata_gold,cdm_dim,dim_rebates,include_neg_invoice_qty,int,null
fc_entdata_gold,cdm_dim,dim_rebates,create_billing_method,int,null
fc_entdata_gold,cdm_dim,dim_rebates,bill_post_options,int,null
fc_entdata_gold,cdm_dim,dim_rebates,include_all_in_sel_cats,int,null
fc_entdata_gold,cdm_dim,dim_rebates,promo_sls_inc_exc,int,null
fc_entdata_gold,cdm_dim,dim_rebates,def_vend_key,int,null
fc_entdata_gold,cdm_dim,dim_rebates,comments,string,null
fc_entdata_gold,cdm_dim,dim_rebates,lastfniupdate_date,timestamp,null
fc_entdata_gold,cdm_dim,dim_rebates,fixed_amount,"decimal(25,4)",null
fc_entdata_gold,cdm_dim,dim_rebates,accr_post_rebate_inventorygrp_id,int,null
fc_entdata_gold,cdm_dim,dim_rebates,allocation_method,int,null
fc_entdata_gold,cdm_dim,dim_rebates,accr_post_rebate_data_id,"decimal(25,4)",null
fc_entdata_gold,cdm_dim,dim_rebates,filter_by_brand,int,null
fc_entdata_gold,cdm_dim,dim_rebates,recon_post_paid_data_id,int,null
fc_entdata_gold,cdm_dim,dim_rebates,filter_by_manufacturer,int,null
fc_entdata_gold,cdm_dim,dim_rebates,accr_post_detail,int,null
fc_entdata_gold,cdm_dim,dim_rebates,billing_post_detail,int,null
fc_entdata_gold,cdm_dim,dim_rebates,sites_limittocompowned,int,null
fc_entdata_gold,cdm_dim,dim_rebates,dealsites_limittocompowned,int,null
fc_entdata_gold,cdm_dim,dim_rebates,dealsites_postgl,int,null
fc_entdata_gold,cdm_dim,dim_rebates,use_ingpbg_accounts,int,null
fc_entdata_gold,cdm_dim,dim_rebates,provider_group_by_brand,int,null
fc_entdata_gold,cdm_dim,dim_rebates,bill_document_deliv,boolean,null
fc_entdata_gold,cdm_dim,dim_rebates,type_desc,string,null
fc_entdata_gold,cdm_dim,dim_rebates,reb_grp_desc,string,null
fc_entdata_gold,cdm_dim,dim_rebates,src_ts,binary,null
fc_entdata_gold,cdm_dim,dim_rebates,loadtime,string,null
fc_entdata_gold,cdm_dim,dim_rebates,start_date,date,null
fc_entdata_gold,cdm_dim,dim_rebates,end_date,date,null
fc_entdata_gold,cdm_dim,dim_rebates,is_current,int,null
fc_entdata_gold,cdm_dim,dim_rebates,data_src_key,int,null
fc_entdata_gold,cdm_dim,dim_rebates,created_date,timestamp,null
fc_entdata_gold,cdm_dim,dim_rebates,updated_date,timestamp,null
fc_entdata_gold,cdm_dim,dim_rebates,created_by,string,null
fc_entdata_gold,cdm_dim,dim_rebates,updated_by,string,null
fc_entdata_gold,cdm_dim,dim_rebates,is_referred,boolean,null
fc_entdata_gold,cdm_dim,dim_rebates,Catalog,fc_entdata_gold,
fc_entdata_gold,cdm_dim,dim_rebates,Database,cdm_dim,
fc_entdata_gold,cdm_dim,dim_rebates,Table,dim_rebates,
fc_entdata_gold,cdm_dim,dim_rebates,Created Time,Tue Sep 23 19:15:50 UTC 2025,
fc_entdata_gold,cdm_dim,dim_rebates,Last Access,UNKNOWN,
fc_entdata_gold,cdm_dim,dim_rebates,Created By,Spark ,
fc_entdata_gold,cdm_dim,dim_rebates,Type,FOREIGN,
fc_entdata_gold,cdm_dim,dim_rebates,Provider,databricks,
fc_entdata_gold,cdm_dim,dim_rebates,Owner,omry7478@retailer.com,
fc_entdata_gold,cdm_dim,dim_rebates,Table Properties,[],
fc_entdata_gold,cdm_dim,dim_regional_carrier,regionalcarrier_key,bigint,null
fc_entdata_gold,cdm_dim,dim_regional_carrier,regionalcarrier_id,int,null
fc_entdata_gold,cdm_dim,dim_regional_carrier,regionalcarriermarket_id,int,null
fc_entdata_gold,cdm_dim,dim_regional_carrier,regcarrier_name,string,null
fc_entdata_gold,cdm_dim,dim_regional_carrier,marketname,string,null
fc_entdata_gold,cdm_dim,dim_regional_carrier,address,string,null
fc_entdata_gold,cdm_dim,dim_regional_carrier,zip,string,null
fc_entdata_gold,cdm_dim,dim_regional_carrier,faxnumber,string,null
fc_entdata_gold,cdm_dim,dim_regional_carrier,city,string,null
fc_entdata_gold,cdm_dim,dim_regional_carrier,statename,string,null
fc_entdata_gold,cdm_dim,dim_regional_carrier,tasid,int,null
fc_entdata_gold,cdm_dim,dim_regional_carrier,dispatcherphonenumber,string,null
fc_entdata_gold,cdm_dim,dim_regional_carrier,corporatecarrierid,bigint,null
fc_entdata_gold,cdm_dim,dim_regional_carrier,gpsnum,int,null
fc_entdata_gold,cdm_dim,dim_regional_carrier,emailaddress,string,null
fc_entdata_gold,cdm_dim,dim_regional_carrier,fuelsurchargetype,int,null
fc_entdata_gold,cdm_dim,dim_regional_carrier,activecorporatecarrier,boolean,null
fc_entdata_gold,cdm_dim,dim_regional_carrier,deactivated,boolean,null
fc_entdata_gold,cdm_dim,dim_regional_carrier,corporatedeactivated,boolean,null
fc_entdata_gold,cdm_dim,dim_regional_carrier,marketdeactivated,boolean,null
fc_entdata_gold,cdm_dim,dim_regional_carrier,datedeactivated,timestamp,null
fc_entdata_gold,cdm_dim,dim_regional_carrier,loadtime,string,null
fc_entdata_gold,cdm_dim,dim_regional_carrier,start_date,date,null
fc_entdata_gold,cdm_dim,dim_regional_carrier,end_date,date,null
fc_entdata_gold,cdm_dim,dim_regional_carrier,is_current,int,null
fc_entdata_gold,cdm_dim,dim_regional_carrier,data_src_key,int,null
fc_entdata_gold,cdm_dim,dim_regional_carrier,created_date,timestamp,null
fc_entdata_gold,cdm_dim,dim_regional_carrier,updated_date,timestamp,null
fc_entdata_gold,cdm_dim,dim_regional_carrier,created_by,string,null
fc_entdata_gold,cdm_dim,dim_regional_carrier,updated_by,string,null
fc_entdata_gold,cdm_dim,dim_regional_carrier,is_referred,boolean,null
fc_entdata_gold,cdm_dim,dim_regional_carrier,Catalog,fc_entdata_gold,
fc_entdata_gold,cdm_dim,dim_regional_carrier,Database,cdm_dim,
fc_entdata_gold,cdm_dim,dim_regional_carrier,Table,dim_regional_carrier,
fc_entdata_gold,cdm_dim,dim_regional_carrier,Created Time,Tue Apr 22 17:27:11 UTC 2025,
fc_entdata_gold,cdm_dim,dim_regional_carrier,Last Access,UNKNOWN,
fc_entdata_gold,cdm_dim,dim_regional_carrier,Created By,Spark ,
fc_entdata_gold,cdm_dim,dim_regional_carrier,Type,FOREIGN,
fc_entdata_gold,cdm_dim,dim_regional_carrier,Provider,databricks,
fc_entdata_gold,cdm_dim,dim_regional_carrier,Owner,omry7478@retailer.com,
fc_entdata_gold,cdm_dim,dim_regional_carrier,Table Properties,[],
fc_entdata_gold,cdm_dim,dim_rightangle_finished_grade,rightangle_sk,bigint,null
fc_entdata_gold,cdm_dim,dim_rightangle_finished_grade,raprdctid,int,null
fc_entdata_gold,cdm_dim,dim_rightangle_finished_grade,raprdctnme,string,null
fc_entdata_gold,cdm_dim,dim_rightangle_finished_grade,raprdctnmeabbv,string,null
fc_entdata_gold,cdm_dim,dim_rightangle_finished_grade,raprdctgrpid,int,null
fc_entdata_gold,cdm_dim,dim_rightangle_finished_grade,raprdctgrp,string,null
fc_entdata_gold,cdm_dim,dim_rightangle_finished_grade,pdiproductkey,string,null
fc_entdata_gold,cdm_dim,dim_rightangle_finished_grade,raprdctsbtyp,string,null
fc_entdata_gold,cdm_dim,dim_rightangle_finished_grade,loadtime,string,null
fc_entdata_gold,cdm_dim,dim_rightangle_finished_grade,start_date,date,null
fc_entdata_gold,cdm_dim,dim_rightangle_finished_grade,end_date,date,null
fc_entdata_gold,cdm_dim,dim_rightangle_finished_grade,is_current,int,null
fc_entdata_gold,cdm_dim,dim_rightangle_finished_grade,data_src_key,int,null
fc_entdata_gold,cdm_dim,dim_rightangle_finished_grade,created_date,timestamp,null
fc_entdata_gold,cdm_dim,dim_rightangle_finished_grade,updated_date,timestamp,null
fc_entdata_gold,cdm_dim,dim_rightangle_finished_grade,created_by,string,null
fc_entdata_gold,cdm_dim,dim_rightangle_finished_grade,updated_by,string,null
fc_entdata_gold,cdm_dim,dim_rightangle_finished_grade,is_referred,boolean,null
fc_entdata_gold,cdm_dim,dim_rightangle_finished_grade,Catalog,fc_entdata_gold,
fc_entdata_gold,cdm_dim,dim_rightangle_finished_grade,Database,cdm_dim,
fc_entdata_gold,cdm_dim,dim_rightangle_finished_grade,Table,dim_rightangle_finished_grade,
fc_entdata_gold,cdm_dim,dim_rightangle_finished_grade,Created Time,Tue Apr 22 17:27:11 UTC 2025,
fc_entdata_gold,cdm_dim,dim_rightangle_finished_grade,Last Access,UNKNOWN,
fc_entdata_gold,cdm_dim,dim_rightangle_finished_grade,Created By,Spark ,
fc_entdata_gold,cdm_dim,dim_rightangle_finished_grade,Type,FOREIGN,
fc_entdata_gold,cdm_dim,dim_rightangle_finished_grade,Provider,databricks,
fc_entdata_gold,cdm_dim,dim_rightangle_finished_grade,Owner,omry7478@retailer.com,
fc_entdata_gold,cdm_dim,dim_rightangle_finished_grade,Table Properties,[],
fc_entdata_gold,cdm_dim,dim_rightangle_terminal_info,rightangle_sk,bigint,null
fc_entdata_gold,cdm_dim,dim_rightangle_terminal_info,lcleid,int,null
fc_entdata_gold,cdm_dim,dim_rightangle_terminal_info,lcletpeid,int,null
fc_entdata_gold,cdm_dim,dim_rightangle_terminal_info,lclestts,string,null
fc_entdata_gold,cdm_dim,dim_rightangle_terminal_info,lclenme,string,null
fc_entdata_gold,cdm_dim,dim_rightangle_terminal_info,lcleabbrvtn,string,null
fc_entdata_gold,cdm_dim,dim_rightangle_terminal_info,lclenmeextension,string,null
fc_entdata_gold,cdm_dim,dim_rightangle_terminal_info,lcleabbrvtnextension,string,null
fc_entdata_gold,cdm_dim,dim_rightangle_terminal_info,meternumber,string,null
fc_entdata_gold,cdm_dim,dim_rightangle_terminal_info,associatedbaid,int,null
fc_entdata_gold,cdm_dim,dim_rightangle_terminal_info,useondealflg,int,null
fc_entdata_gold,cdm_dim,dim_rightangle_terminal_info,commenttxt,string,null
fc_entdata_gold,cdm_dim,dim_rightangle_terminal_info,latitude,double,null
fc_entdata_gold,cdm_dim,dim_rightangle_terminal_info,longitude,double,null
fc_entdata_gold,cdm_dim,dim_rightangle_terminal_info,name,string,null
fc_entdata_gold,cdm_dim,dim_rightangle_terminal_info,abbreviation,string,null
fc_entdata_gold,cdm_dim,dim_rightangle_terminal_info,lcletpedscrptn,string,null
fc_entdata_gold,cdm_dim,dim_rightangle_terminal_info,region,string,null
fc_entdata_gold,cdm_dim,dim_rightangle_terminal_info,pdiid,string,null
fc_entdata_gold,cdm_dim,dim_rightangle_terminal_info,loadtime,string,null
fc_entdata_gold,cdm_dim,dim_rightangle_terminal_info,start_date,date,null
fc_entdata_gold,cdm_dim,dim_rightangle_terminal_info,end_date,date,null
fc_entdata_gold,cdm_dim,dim_rightangle_terminal_info,is_current,int,null
fc_entdata_gold,cdm_dim,dim_rightangle_terminal_info,data_src_key,int,null
fc_entdata_gold,cdm_dim,dim_rightangle_terminal_info,created_date,timestamp,null
fc_entdata_gold,cdm_dim,dim_rightangle_terminal_info,updated_date,timestamp,null
fc_entdata_gold,cdm_dim,dim_rightangle_terminal_info,created_by,string,null
fc_entdata_gold,cdm_dim,dim_rightangle_terminal_info,updated_by,string,null
fc_entdata_gold,cdm_dim,dim_rightangle_terminal_info,is_referred,boolean,null
fc_entdata_gold,cdm_dim,dim_rightangle_terminal_info,Catalog,fc_entdata_gold,
fc_entdata_gold,cdm_dim,dim_rightangle_terminal_info,Database,cdm_dim,
fc_entdata_gold,cdm_dim,dim_rightangle_terminal_info,Table,dim_rightangle_terminal_info,
fc_entdata_gold,cdm_dim,dim_rightangle_terminal_info,Created Time,Tue Sep 23 19:15:50 UTC 2025,
fc_entdata_gold,cdm_dim,dim_rightangle_terminal_info,Last Access,UNKNOWN,
fc_entdata_gold,cdm_dim,dim_rightangle_terminal_info,Created By,Spark ,
fc_entdata_gold,cdm_dim,dim_rightangle_terminal_info,Type,FOREIGN,
fc_entdata_gold,cdm_dim,dim_rightangle_terminal_info,Provider,databricks,
fc_entdata_gold,cdm_dim,dim_rightangle_terminal_info,Owner,omry7478@retailer.com,
fc_entdata_gold,cdm_dim,dim_rightangle_terminal_info,Table Properties,[],
fc_entdata_gold,cdm_dim,dim_rightangle_vendor,rightangle_sk,bigint,null
fc_entdata_gold,cdm_dim,dim_rightangle_vendor,ba_id,int,null
fc_entdata_gold,cdm_dim,dim_rightangle_vendor,name,string,null
fc_entdata_gold,cdm_dim,dim_rightangle_vendor,pdi_vendorid,int,null
fc_entdata_gold,cdm_dim,dim_rightangle_vendor,loadtime,timestamp,null
fc_entdata_gold,cdm_dim,dim_rightangle_vendor,is_current,int,null
fc_entdata_gold,cdm_dim,dim_rightangle_vendor,data_src_key,int,null
fc_entdata_gold,cdm_dim,dim_rightangle_vendor,start_date,date,null
fc_entdata_gold,cdm_dim,dim_rightangle_vendor,end_date,date,null
fc_entdata_gold,cdm_dim,dim_rightangle_vendor,created_date,timestamp,null
fc_entdata_gold,cdm_dim,dim_rightangle_vendor,updated_date,timestamp,null
fc_entdata_gold,cdm_dim,dim_rightangle_vendor,created_by,string,null
fc_entdata_gold,cdm_dim,dim_rightangle_vendor,updated_by,string,null
fc_entdata_gold,cdm_dim,dim_rightangle_vendor,is_referred,boolean,null
fc_entdata_gold,cdm_dim,dim_rightangle_vendor,Catalog,fc_entdata_gold,
fc_entdata_gold,cdm_dim,dim_rightangle_vendor,Database,cdm_dim,
fc_entdata_gold,cdm_dim,dim_rightangle_vendor,Table,dim_rightangle_vendor,
fc_entdata_gold,cdm_dim,dim_rightangle_vendor,Created Time,Tue Apr 22 17:27:11 UTC 2025,
fc_entdata_gold,cdm_dim,dim_rightangle_vendor,Last Access,UNKNOWN,
fc_entdata_gold,cdm_dim,dim_rightangle_vendor,Created By,Spark ,
fc_entdata_gold,cdm_dim,dim_rightangle_vendor,Type,FOREIGN,
fc_entdata_gold,cdm_dim,dim_rightangle_vendor,Provider,databricks,
fc_entdata_gold,cdm_dim,dim_rightangle_vendor,Owner,omry7478@retailer.com,
fc_entdata_gold,cdm_dim,dim_rightangle_vendor,Table Properties,[],
fc_entdata_gold,cdm_dim,dim_rwradiant_merchandise_code,rwradiant_merchandisecode_key,int,null
fc_entdata_gold,cdm_dim,dim_rwradiant_merchandise_code,salescategory,string,null
fc_entdata_gold,cdm_dim,dim_rwradiant_merchandise_code,merchandisecode,bigint,null
fc_entdata_gold,cdm_dim,dim_rwradiant_merchandise_code,loadtime,string,null
fc_entdata_gold,cdm_dim,dim_rwradiant_merchandise_code,start_date,date,null
fc_entdata_gold,cdm_dim,dim_rwradiant_merchandise_code,end_date,date,null
fc_entdata_gold,cdm_dim,dim_rwradiant_merchandise_code,is_current,int,null
fc_entdata_gold,cdm_dim,dim_rwradiant_merchandise_code,data_src_key,int,null
fc_entdata_gold,cdm_dim,dim_rwradiant_merchandise_code,created_date,timestamp,null
fc_entdata_gold,cdm_dim,dim_rwradiant_merchandise_code,updated_date,timestamp,null
fc_entdata_gold,cdm_dim,dim_rwradiant_merchandise_code,created_by,string,null
fc_entdata_gold,cdm_dim,dim_rwradiant_merchandise_code,updated_by,string,null
fc_entdata_gold,cdm_dim,dim_rwradiant_merchandise_code,is_referred,boolean,null
fc_entdata_gold,cdm_dim,dim_rwradiant_merchandise_code,Catalog,fc_entdata_gold,
fc_entdata_gold,cdm_dim,dim_rwradiant_merchandise_code,Database,cdm_dim,
fc_entdata_gold,cdm_dim,dim_rwradiant_merchandise_code,Table,dim_rwradiant_merchandise_code,
fc_entdata_gold,cdm_dim,dim_rwradiant_merchandise_code,Created Time,Tue Apr 22 17:27:11 UTC 2025,
fc_entdata_gold,cdm_dim,dim_rwradiant_merchandise_code,Last Access,UNKNOWN,
fc_entdata_gold,cdm_dim,dim_rwradiant_merchandise_code,Created By,Spark ,
fc_entdata_gold,cdm_dim,dim_rwradiant_merchandise_code,Type,FOREIGN,
fc_entdata_gold,cdm_dim,dim_rwradiant_merchandise_code,Provider,databricks,
fc_entdata_gold,cdm_dim,dim_rwradiant_merchandise_code,Owner,omry7478@retailer.com,
fc_entdata_gold,cdm_dim,dim_rwradiant_merchandise_code,Table Properties,[],
fc_entdata_gold,cdm_dim,dim_site_fuel_prod_tax,sitefuelprodtax_key,bigint,null
fc_entdata_gold,cdm_dim,dim_site_fuel_prod_tax,store_number,string,null
fc_entdata_gold,cdm_dim,dim_site_fuel_prod_tax,name,string,null
fc_entdata_gold,cdm_dim,dim_site_fuel_prod_tax,city,string,null
fc_entdata_gold,cdm_dim,dim_site_fuel_prod_tax,county,string,null
fc_entdata_gold,cdm_dim,dim_site_fuel_prod_tax,state,string,null
fc_entdata_gold,cdm_dim,dim_site_fuel_prod_tax,sales_prod_desc,string,null
fc_entdata_gold,cdm_dim,dim_site_fuel_prod_tax,prod_tax_grp_desc,string,null
fc_entdata_gold,cdm_dim,dim_site_fuel_prod_tax,fed_tax_std_rate,string,null
fc_entdata_gold,cdm_dim,dim_site_fuel_prod_tax,state_tax_std_rate,string,null
fc_entdata_gold,cdm_dim,dim_site_fuel_prod_tax,county_tax_std_rate,string,null
fc_entdata_gold,cdm_dim,dim_site_fuel_prod_tax,city_tax_std_rate,string,null
fc_entdata_gold,cdm_dim,dim_site_fuel_prod_tax,tax_date,string,null
fc_entdata_gold,cdm_dim,dim_site_fuel_prod_tax,loadtime,timestamp,null
fc_entdata_gold,cdm_dim,dim_site_fuel_prod_tax,is_current,int,null
fc_entdata_gold,cdm_dim,dim_site_fuel_prod_tax,data_src_key,int,null
fc_entdata_gold,cdm_dim,dim_site_fuel_prod_tax,start_date,date,null
fc_entdata_gold,cdm_dim,dim_site_fuel_prod_tax,end_date,date,null
fc_entdata_gold,cdm_dim,dim_site_fuel_prod_tax,created_date,timestamp,null
fc_entdata_gold,cdm_dim,dim_site_fuel_prod_tax,updated_date,timestamp,null
fc_entdata_gold,cdm_dim,dim_site_fuel_prod_tax,created_by,string,null
fc_entdata_gold,cdm_dim,dim_site_fuel_prod_tax,updated_by,string,null
fc_entdata_gold,cdm_dim,dim_site_fuel_prod_tax,is_referred,boolean,null
fc_entdata_gold,cdm_dim,dim_site_fuel_prod_tax,Catalog,fc_entdata_gold,
fc_entdata_gold,cdm_dim,dim_site_fuel_prod_tax,Database,cdm_dim,
fc_entdata_gold,cdm_dim,dim_site_fuel_prod_tax,Table,dim_site_fuel_prod_tax,
fc_entdata_gold,cdm_dim,dim_site_fuel_prod_tax,Created Time,Tue Sep 23 19:15:50 UTC 2025,
fc_entdata_gold,cdm_dim,dim_site_fuel_prod_tax,Last Access,UNKNOWN,
fc_entdata_gold,cdm_dim,dim_site_fuel_prod_tax,Created By,Spark ,
fc_entdata_gold,cdm_dim,dim_site_fuel_prod_tax,Type,FOREIGN,
fc_entdata_gold,cdm_dim,dim_site_fuel_prod_tax,Provider,databricks,
fc_entdata_gold,cdm_dim,dim_site_fuel_prod_tax,Owner,omry7478@retailer.com,
fc_entdata_gold,cdm_dim,dim_site_fuel_prod_tax,Table Properties,[],
fc_entdata_gold,cdm_dim,dim_store,store_key,int,null
fc_entdata_gold,cdm_dim,dim_store,store_number,int,null
fc_entdata_gold,cdm_dim,dim_store,store_name,string,null
fc_entdata_gold,cdm_dim,dim_store,store_address_1,string,null
fc_entdata_gold,cdm_dim,dim_store,store_address_2,string,null
fc_entdata_gold,cdm_dim,dim_store,store_city,string,null
fc_entdata_gold,cdm_dim,dim_store,state_code,string,null
fc_entdata_gold,cdm_dim,dim_store,store_longitude,double,null
fc_entdata_gold,cdm_dim,dim_store,store_latitude,double,null
fc_entdata_gold,cdm_dim,dim_store,store_zip,string,null
fc_entdata_gold,cdm_dim,dim_store,store_zip4,string,null
fc_entdata_gold,cdm_dim,dim_store,store_phone,string,null
fc_entdata_gold,cdm_dim,dim_store,RSM_Phone_Number,string,null
fc_entdata_gold,cdm_dim,dim_store,store_status,string,null
fc_entdata_gold,cdm_dim,dim_store,time_zone,string,null
fc_entdata_gold,cdm_dim,dim_store,store_competitor2_distance,string,null
fc_entdata_gold,cdm_dim,dim_store,store_competitor3,string,null
fc_entdata_gold,cdm_dim,dim_store,store_competitor1_distance,string,null
fc_entdata_gold,cdm_dim,dim_store,store_competitor2,string,null
fc_entdata_gold,cdm_dim,dim_store,Grades_on_Canopy_Sign,string,null
fc_entdata_gold,cdm_dim,dim_store,Canopy_Sign_Type,string,null
fc_entdata_gold,cdm_dim,dim_store,store_competitor1,string,null
fc_entdata_gold,cdm_dim,dim_store,Open_Time,timestamp,null
fc_entdata_gold,cdm_dim,dim_store,Close_Time,timestamp,null
fc_entdata_gold,cdm_dim,dim_store,store_secondarytraffic,int,null
fc_entdata_gold,cdm_dim,dim_store,RW_RSM,string,null
fc_entdata_gold,cdm_dim,dim_store,store_totaltraffic,int,null
fc_entdata_gold,cdm_dim,dim_store,store_curbcuts_secondary,int,null
fc_entdata_gold,cdm_dim,dim_store,Service_Crew_Number,string,null
fc_entdata_gold,cdm_dim,dim_store,store_curbcuts_primary,int,null
fc_entdata_gold,cdm_dim,dim_store,store_avg_gasrank,"decimal(22,9)",null
fc_entdata_gold,cdm_dim,dim_store,store_grocery_count,int,null
fc_entdata_gold,cdm_dim,dim_store,store_pharmacy_count,int,null
fc_entdata_gold,cdm_dim,dim_store,store_fastfood_count,int,null
fc_entdata_gold,cdm_dim,dim_store,store_alctobbacco_count,int,null
fc_entdata_gold,cdm_dim,dim_store,store_curveorientation,string,null
fc_entdata_gold,cdm_dim,dim_store,store_roadtype_primary,string,null
fc_entdata_gold,cdm_dim,dim_store,store_lightedintersection,string,null
fc_entdata_gold,cdm_dim,dim_store,store_areatype,string,null
fc_entdata_gold,cdm_dim,dim_store,store_pricesign,string,null
fc_entdata_gold,cdm_dim,dim_store,store_roadtype_secondary,string,null
fc_entdata_gold,cdm_dim,dim_store,store_totalinsidecompetitors,int,null
fc_entdata_gold,cdm_dim,dim_store,AST_Truck_Number,string,null
fc_entdata_gold,cdm_dim,dim_store,AST_Area,string,null
fc_entdata_gold,cdm_dim,dim_store,OS_Email,string,null
fc_entdata_gold,cdm_dim,dim_store,OS,string,null
fc_entdata_gold,cdm_dim,dim_store,RSM,string,null
fc_entdata_gold,cdm_dim,dim_store,SSM,string,null
fc_entdata_gold,cdm_dim,dim_store,Price_Sign_Type,string,null
fc_entdata_gold,cdm_dim,dim_store,Grades_on_Price_Sign,string,null
fc_entdata_gold,cdm_dim,dim_store,store_highlvlbldgtype,string,null
fc_entdata_gold,cdm_dim,dim_store,RSM_Email,string,null
fc_entdata_gold,cdm_dim,dim_store,FuelDestinationMarketID,int,null
fc_entdata_gold,cdm_dim,dim_store,store_county,string,null
fc_entdata_gold,cdm_dim,dim_store,store_dma,string,null
fc_entdata_gold,cdm_dim,dim_store,E85_MPD_cnt,int,null
fc_entdata_gold,cdm_dim,dim_store,E0_MPD_cnt,int,null
fc_entdata_gold,cdm_dim,dim_store,HFDiesel_pump_cnt,"decimal(10,1)",null
fc_entdata_gold,cdm_dim,dim_store,Bulk_DEF_pump_Cnt,"decimal(10,1)",null
fc_entdata_gold,cdm_dim,dim_store,store_pumpcount,int,null
fc_entdata_gold,cdm_dim,dim_store,store_banner,string,null
fc_entdata_gold,cdm_dim,dim_store,store_seating,int,null
fc_entdata_gold,cdm_dim,dim_store,Premium_MPD_cnt,int,null
fc_entdata_gold,cdm_dim,dim_store,store_fax,string,null
fc_entdata_gold,cdm_dim,dim_store,store_median_primary,int,null
fc_entdata_gold,cdm_dim,dim_store,store_primarytraffic,int,null
fc_entdata_gold,cdm_dim,dim_store,store_remodel_close_date,date,null
fc_entdata_gold,cdm_dim,dim_store,store_temp_space_close,date,null
fc_entdata_gold,cdm_dim,dim_store,store_region_desc,string,null
fc_entdata_gold,cdm_dim,dim_store,Plus_MPD_cnt,int,null
fc_entdata_gold,cdm_dim,dim_store,Reg_MPD_cnt,int,null
fc_entdata_gold,cdm_dim,dim_store,Auto_Diesel_MPD_cnt,int,null
fc_entdata_gold,cdm_dim,dim_store,Unleaded_88_MPD_cnt,int,null
fc_entdata_gold,cdm_dim,dim_store,store_parkingspaces,int,null
fc_entdata_gold,cdm_dim,dim_store,store_bldgtype,string,null
fc_entdata_gold,cdm_dim,dim_store,store_remodel_open_date,date,null
fc_entdata_gold,cdm_dim,dim_store,store_24_hour,int,null
fc_entdata_gold,cdm_dim,dim_store,store_labor_structure,string,null
fc_entdata_gold,cdm_dim,dim_store,store_division_desc,string,null
fc_entdata_gold,cdm_dim,dim_store,store_area_desc,string,null
fc_entdata_gold,cdm_dim,dim_store,store_dma_ID,int,null
fc_entdata_gold,cdm_dim,dim_store,store_conflictingstore_3,int,null
fc_entdata_gold,cdm_dim,dim_store,short_region_codes,string,null
fc_entdata_gold,cdm_dim,dim_store,store_opendate,date,null
fc_entdata_gold,cdm_dim,dim_store,store_closedate,date,null
fc_entdata_gold,cdm_dim,dim_store,store_sqfoot,int,null
fc_entdata_gold,cdm_dim,dim_store,store_tankcount,int,null
fc_entdata_gold,cdm_dim,dim_store,store_temp_space_open,date,null
fc_entdata_gold,cdm_dim,dim_store,store_perm_billboard,int,null
fc_entdata_gold,cdm_dim,dim_store,store_remodel_type,string,null
fc_entdata_gold,cdm_dim,dim_store,store_conflictingstore_1,int,null
fc_entdata_gold,cdm_dim,dim_store,store_conflictingstore_2,int,null
fc_entdata_gold,cdm_dim,dim_store,store_2yrsamestore_ind,int,null
fc_entdata_gold,cdm_dim,dim_store,store_MTDsamestore_ind,int,null
fc_entdata_gold,cdm_dim,dim_store,store_samestore_ind,boolean,null
fc_entdata_gold,cdm_dim,dim_store,store_YTDsamestore_ind,int,null
fc_entdata_gold,cdm_dim,dim_store,ATM,string,null
fc_entdata_gold,cdm_dim,dim_store,Lottery,string,null
fc_entdata_gold,cdm_dim,dim_store,HighFlowDieselLanes,string,null
fc_entdata_gold,cdm_dim,dim_store,EVChargerStart,string,null
fc_entdata_gold,cdm_dim,dim_store,EVChargerEnd,string,null
fc_entdata_gold,cdm_dim,dim_store,Liquor,string,null
fc_entdata_gold,cdm_dim,dim_store,24_Hour,string,null
fc_entdata_gold,cdm_dim,dim_store,Auto_Manual,string,null
fc_entdata_gold,cdm_dim,dim_store,store_competitor3_distance,string,null
fc_entdata_gold,cdm_dim,dim_store,store_competitor4,string,null
fc_entdata_gold,cdm_dim,dim_store,store_competitor4_distance,string,null
fc_entdata_gold,cdm_dim,dim_store,store_mclane_dc,string,null
fc_entdata_gold,cdm_dim,dim_store,store_median_secondary,int,null
fc_entdata_gold,cdm_dim,dim_store,store_offer_beantocup_end,date,null
fc_entdata_gold,cdm_dim,dim_store,store_offer_beantocup_start,date,null
fc_entdata_gold,cdm_dim,dim_store,store_offer_bfast_end,date,null
fc_entdata_gold,cdm_dim,dim_store,store_offer_bfast_start,date,null
fc_entdata_gold,cdm_dim,dim_store,store_offer_bubbler_end,date,null
fc_entdata_gold,cdm_dim,dim_store,store_offer_bubbler_start,date,null
fc_entdata_gold,cdm_dim,dim_store,store_offer_froyo_end,date,null
fc_entdata_gold,cdm_dim,dim_store,store_offer_froyo_start,date,null
fc_entdata_gold,cdm_dim,dim_store,store_offer_mto_end,date,null
fc_entdata_gold,cdm_dim,dim_store,store_offer_mto_start,date,null
fc_entdata_gold,cdm_dim,dim_store,store_offer_pizza_end,date,null
fc_entdata_gold,cdm_dim,dim_store,store_offer_pizza_start,date,null
fc_entdata_gold,cdm_dim,dim_store,store_offer_specbev_end,date,null
fc_entdata_gold,cdm_dim,dim_store,store_offer_specbev_start,date,null
fc_entdata_gold,cdm_dim,dim_store,store_offer_speedy_end,date,null
fc_entdata_gold,cdm_dim,dim_store,store_offer_speedy_start,date,null
fc_entdata_gold,cdm_dim,dim_store,store_offer_yogurtmachines,string,null
fc_entdata_gold,cdm_dim,dim_store,store_offertype,string,null
fc_entdata_gold,cdm_dim,dim_store,adv_GNG,string,null
fc_entdata_gold,cdm_dim,dim_store,cat_Approved,string,null
fc_entdata_gold,cdm_dim,dim_store,check_Cashing,string,null
fc_entdata_gold,cdm_dim,dim_store,curbside_Pickup,string,null
fc_entdata_gold,cdm_dim,dim_store,drive_Thru,string,null
fc_entdata_gold,cdm_dim,dim_store,free_Wifi,string,null
fc_entdata_gold,cdm_dim,dim_store,heat_Slides,string,null
fc_entdata_gold,cdm_dim,dim_store,parking_Spaces_Front,string,null
fc_entdata_gold,cdm_dim,dim_store,pizza_Tower,string,null
fc_entdata_gold,cdm_dim,dim_store,chicken,string,null
fc_entdata_gold,cdm_dim,dim_store,total_Truck_Parking,string,null
fc_entdata_gold,cdm_dim,dim_store,truck_Scale,string,null
fc_entdata_gold,cdm_dim,dim_store,truck_parking,string,null
fc_entdata_gold,cdm_dim,dim_store,coam,string,null
fc_entdata_gold,cdm_dim,dim_store,distance_from_primary_highway,string,null
fc_entdata_gold,cdm_dim,dim_store,primary_highway,string,null
fc_entdata_gold,cdm_dim,dim_store,self_checkout,string,null
fc_entdata_gold,cdm_dim,dim_store,package_passer,string,null
fc_entdata_gold,cdm_dim,dim_store,rtd_dc,string,null
fc_entdata_gold,cdm_dim,dim_store,store_open,string,null
fc_entdata_gold,cdm_dim,dim_store,mclane_dc,string,null
fc_entdata_gold,cdm_dim,dim_store,frozen_yogurt_toppings,string,null
fc_entdata_gold,cdm_dim,dim_store,data_src_key,int,null
fc_entdata_gold,cdm_dim,dim_store,coremark_dc,string,null
fc_entdata_gold,cdm_dim,dim_store,Catalog,fc_entdata_gold,
fc_entdata_gold,cdm_dim,dim_store,Database,cdm_dim,
fc_entdata_gold,cdm_dim,dim_store,Table,dim_store,
fc_entdata_gold,cdm_dim,dim_store,Created Time,Tue Apr 22 17:27:11 UTC 2025,
fc_entdata_gold,cdm_dim,dim_store,Last Access,UNKNOWN,
fc_entdata_gold,cdm_dim,dim_store,Created By,Spark ,
fc_entdata_gold,cdm_dim,dim_store,Type,FOREIGN,
fc_entdata_gold,cdm_dim,dim_store,Provider,databricks,
fc_entdata_gold,cdm_dim,dim_store,Owner,omry7478@retailer.com,
fc_entdata_gold,cdm_dim,dim_store,Table Properties,[],
fc_entdata_gold,cdm_dim,dim_store_attr,store_key,int,null
fc_entdata_gold,cdm_dim,dim_store_attr,store_number,int,null
fc_entdata_gold,cdm_dim,dim_store_attr,store_name,string,null
fc_entdata_gold,cdm_dim,dim_store_attr,store_address_1,string,null
fc_entdata_gold,cdm_dim,dim_store_attr,store_address_2,string,null
fc_entdata_gold,cdm_dim,dim_store_attr,store_address_3,string,null
fc_entdata_gold,cdm_dim,dim_store_attr,store_city,string,null
fc_entdata_gold,cdm_dim,dim_store_attr,state_name,string,null
fc_entdata_gold,cdm_dim,dim_store_attr,state_code,string,null
fc_entdata_gold,cdm_dim,dim_store_attr,store_longitude,double,null
fc_entdata_gold,cdm_dim,dim_store_attr,store_latitude,double,null
fc_entdata_gold,cdm_dim,dim_store_attr,store_zip,string,null
fc_entdata_gold,cdm_dim,dim_store_attr,store_zip4,string,null
fc_entdata_gold,cdm_dim,dim_store_attr,store_phone,string,null
fc_entdata_gold,cdm_dim,dim_store_attr,store_phone_formatted,string,null
fc_entdata_gold,cdm_dim,dim_store_attr,store_phone_alt,string,null
fc_entdata_gold,cdm_dim,dim_store_attr,store_phone_alt_formatted,string,null
fc_entdata_gold,cdm_dim,dim_store_attr,RSM_Phone_Number,string,null
fc_entdata_gold,cdm_dim,dim_store_attr,store_status,string,null
fc_entdata_gold,cdm_dim,dim_store_attr,time_zone,string,null
fc_entdata_gold,cdm_dim,dim_store_attr,Site_Modem,string,null
fc_entdata_gold,cdm_dim,dim_store_attr,Site_Modem_Formatted,string,null
fc_entdata_gold,cdm_dim,dim_store_attr,store_competitor2_distance,string,null
fc_entdata_gold,cdm_dim,dim_store_attr,store_competitor3,string,null
fc_entdata_gold,cdm_dim,dim_store_attr,store_competitor1_distance,string,null
fc_entdata_gold,cdm_dim,dim_store_attr,store_competitor2,string,null
fc_entdata_gold,cdm_dim,dim_store_attr,Grades_on_Canopy_Sign,string,null
fc_entdata_gold,cdm_dim,dim_store_attr,Canopy_Sign_Type,string,null
fc_entdata_gold,cdm_dim,dim_store_attr,store_competitor1,string,null
fc_entdata_gold,cdm_dim,dim_store_attr,Open_Time,timestamp,null
fc_entdata_gold,cdm_dim,dim_store_attr,Close_Time,timestamp,null
fc_entdata_gold,cdm_dim,dim_store_attr,store_secondarytraffic,int,null
fc_entdata_gold,cdm_dim,dim_store_attr,RW_RSM,string,null
fc_entdata_gold,cdm_dim,dim_store_attr,store_totaltraffic,int,null
fc_entdata_gold,cdm_dim,dim_store_attr,store_curbcuts_secondary,int,null
fc_entdata_gold,cdm_dim,dim_store_attr,Service_Crew_Number,string,null
fc_entdata_gold,cdm_dim,dim_store_attr,store_curbcuts_primary,int,null
fc_entdata_gold,cdm_dim,dim_store_attr,store_avg_gasrank,"decimal(22,9)",null
fc_entdata_gold,cdm_dim,dim_store_attr,store_grocery_count,int,null
fc_entdata_gold,cdm_dim,dim_store_attr,store_pharmacy_count,int,null
fc_entdata_gold,cdm_dim,dim_store_attr,store_fastfood_count,int,null
fc_entdata_gold,cdm_dim,dim_store_attr,store_alctobbacco_count,int,null
fc_entdata_gold,cdm_dim,dim_store_attr,store_curveorientation,string,null
fc_entdata_gold,cdm_dim,dim_store_attr,store_roadtype_primary,string,null
fc_entdata_gold,cdm_dim,dim_store_attr,store_lightedintersection,string,null
fc_entdata_gold,cdm_dim,dim_store_attr,store_areatype,string,null
fc_entdata_gold,cdm_dim,dim_store_attr,store_pricesign,string,null
fc_entdata_gold,cdm_dim,dim_store_attr,store_roadtype_secondary,string,null
fc_entdata_gold,cdm_dim,dim_store_attr,store_totalinsidecompetitors,int,null
fc_entdata_gold,cdm_dim,dim_store_attr,AST_Truck_Number,string,null
fc_entdata_gold,cdm_dim,dim_store_attr,AST_Area,string,null
fc_entdata_gold,cdm_dim,dim_store_attr,OS_Email,string,null
fc_entdata_gold,cdm_dim,dim_store_attr,OS,string,null
fc_entdata_gold,cdm_dim,dim_store_attr,RSM,string,null
fc_entdata_gold,cdm_dim,dim_store_attr,SSM,string,null
fc_entdata_gold,cdm_dim,dim_store_attr,Price_Sign_Type,string,null
fc_entdata_gold,cdm_dim,dim_store_attr,Grades_on_Price_Sign,string,null
fc_entdata_gold,cdm_dim,dim_store_attr,store_highlvlbldgtype,string,null
fc_entdata_gold,cdm_dim,dim_store_attr,RSM_Email,string,null
fc_entdata_gold,cdm_dim,dim_store_attr,FuelDestinationMarketID,int,null
fc_entdata_gold,cdm_dim,dim_store_attr,store_county,string,null
fc_entdata_gold,cdm_dim,dim_store_attr,store_dma,string,null
fc_entdata_gold,cdm_dim,dim_store_attr,E85_MPD_cnt,int,null
fc_entdata_gold,cdm_dim,dim_store_attr,E0_MPD_cnt,int,null
fc_entdata_gold,cdm_dim,dim_store_attr,HFDiesel_pump_cnt,"decimal(10,1)",null
fc_entdata_gold,cdm_dim,dim_store_attr,Bulk_DEF_pump_Cnt,"decimal(10,1)",null
fc_entdata_gold,cdm_dim,dim_store_attr,store_pumpcount,int,null
fc_entdata_gold,cdm_dim,dim_store_attr,store_banner,string,null
fc_entdata_gold,cdm_dim,dim_store_attr,store_seating,int,null
fc_entdata_gold,cdm_dim,dim_store_attr,Premium_MPD_cnt,int,null
fc_entdata_gold,cdm_dim,dim_store_attr,store_fax,string,null
fc_entdata_gold,cdm_dim,dim_store_attr,store_median_primary,int,null
fc_entdata_gold,cdm_dim,dim_store_attr,store_primarytraffic,int,null
fc_entdata_gold,cdm_dim,dim_store_attr,store_remodel_close_date,date,null
fc_entdata_gold,cdm_dim,dim_store_attr,store_temp_space_close,date,null
fc_entdata_gold,cdm_dim,dim_store_attr,store_region_desc,string,null
fc_entdata_gold,cdm_dim,dim_store_attr,Plus_MPD_cnt,int,null
fc_entdata_gold,cdm_dim,dim_store_attr,Reg_MPD_cnt,int,null
fc_entdata_gold,cdm_dim,dim_store_attr,Auto_Diesel_MPD_cnt,int,null
fc_entdata_gold,cdm_dim,dim_store_attr,Unleaded_88_MPD_cnt,int,null
fc_entdata_gold,cdm_dim,dim_store_attr,store_parkingspaces,int,null
fc_entdata_gold,cdm_dim,dim_store_attr,store_bldgtype,string,null
fc_entdata_gold,cdm_dim,dim_store_attr,store_remodel_open_date,date,null
fc_entdata_gold,cdm_dim,dim_store_attr,store_24_hour,int,null
fc_entdata_gold,cdm_dim,dim_store_attr,store_labor_structure,string,null
fc_entdata_gold,cdm_dim,dim_store_attr,store_division_desc,string,null
fc_entdata_gold,cdm_dim,dim_store_attr,store_area_desc,string,null
fc_entdata_gold,cdm_dim,dim_store_attr,store_dma_ID,int,null
fc_entdata_gold,cdm_dim,dim_store_attr,store_conflictingstore_3,int,null
fc_entdata_gold,cdm_dim,dim_store_attr,short_region_codes,string,null
fc_entdata_gold,cdm_dim,dim_store_attr,store_opendate,date,null
fc_entdata_gold,cdm_dim,dim_store_attr,store_closedate,date,null
fc_entdata_gold,cdm_dim,dim_store_attr,store_sqfoot,int,null
fc_entdata_gold,cdm_dim,dim_store_attr,store_tankcount,int,null
fc_entdata_gold,cdm_dim,dim_store_attr,store_temp_space_open,date,null
fc_entdata_gold,cdm_dim,dim_store_attr,store_perm_billboard,int,null
fc_entdata_gold,cdm_dim,dim_store_attr,store_remodel_type,string,null
fc_entdata_gold,cdm_dim,dim_store_attr,store_conflictingstore_1,int,null
fc_entdata_gold,cdm_dim,dim_store_attr,store_conflictingstore_2,int,null
fc_entdata_gold,cdm_dim,dim_store_attr,available_for_eclub,boolean,null
fc_entdata_gold,cdm_dim,dim_store_attr,enable_daily_redemption_report,boolean,null
fc_entdata_gold,cdm_dim,dim_store_attr,lock_version,int,null
fc_entdata_gold,cdm_dim,dim_store_attr,enable_weekly_redemption_report,boolean,null
fc_entdata_gold,cdm_dim,dim_store_attr,activated,boolean,null
fc_entdata_gold,cdm_dim,dim_store_attr,country,string,null
fc_entdata_gold,cdm_dim,dim_store_attr,punch_id,int,null
fc_entdata_gold,cdm_dim,dim_store_attr,business_id,int,null
fc_entdata_gold,cdm_dim,dim_store_attr,created_at,timestamp,null
fc_entdata_gold,cdm_dim,dim_store_attr,go_live_date,date,null
fc_entdata_gold,cdm_dim,dim_store_attr,enable_pos_monitoring,boolean,null
fc_entdata_gold,cdm_dim,dim_store_attr,it_support_email,string,null
fc_entdata_gold,cdm_dim,dim_store_attr,external_store_id,string,null
fc_entdata_gold,cdm_dim,dim_store_attr,store_tags,string,null
fc_entdata_gold,cdm_dim,dim_store_attr,loc_email,string,null
fc_entdata_gold,cdm_dim,dim_store_attr,Site_Def_Warehouse_Site_Key,"decimal(15,0)",null
fc_entdata_gold,cdm_dim,dim_store_attr,Site_County,string,null
fc_entdata_gold,cdm_dim,dim_store_attr,Site_Last_Comm_Date,timestamp,null
fc_entdata_gold,cdm_dim,dim_store_attr,Site_Is_MasterSite,int,null
fc_entdata_gold,cdm_dim,dim_store_attr,Site_Uses_InSite,int,null
fc_entdata_gold,cdm_dim,dim_store_attr,Site_Fax,string,null
fc_entdata_gold,cdm_dim,dim_store_attr,Site_Fax_Formatted,string,null
fc_entdata_gold,cdm_dim,dim_store_attr,Site_Contact,string,null
fc_entdata_gold,cdm_dim,dim_store_attr,Site_Email_Address,string,null
fc_entdata_gold,cdm_dim,dim_store_attr,Site_External_ID,int,null
fc_entdata_gold,cdm_dim,dim_store_attr,Site_Allow_Delivs_After_Hours,int,null
fc_entdata_gold,cdm_dim,dim_store_attr,Site_Last_CommAccr_Date,timestamp,null
fc_entdata_gold,cdm_dim,dim_store_attr,Site_Template,int,null
fc_entdata_gold,cdm_dim,dim_store_attr,Site_Last_StlAccr_Date,timestamp,null
fc_entdata_gold,cdm_dim,dim_store_attr,Site_Is_Terminal,int,null
fc_entdata_gold,cdm_dim,dim_store_attr,Site_Linked_RMS,int,null
fc_entdata_gold,cdm_dim,dim_store_attr,Site_Exported_FocalPoint,int,null
fc_entdata_gold,cdm_dim,dim_store_attr,Site_Last_Stl_Date,timestamp,null
fc_entdata_gold,cdm_dim,dim_store_attr,pdi_ts,binary,null
fc_entdata_gold,cdm_dim,dim_store_attr,Site_DelRte_Stop,int,null
fc_entdata_gold,cdm_dim,dim_store_attr,Site_Pass_On_Min_Freight_Chgs,int,null
fc_entdata_gold,cdm_dim,dim_store_attr,Site_Invty_COGS_Date,timestamp,null
fc_entdata_gold,cdm_dim,dim_store_attr,Site_Last_Royalty_StlAccr_Date,timestamp,null
fc_entdata_gold,cdm_dim,dim_store_attr,Site_WI_Third_Party_Owned,int,null
fc_entdata_gold,cdm_dim,dim_store_attr,Site_Allow_Neg_Bulk_Fuel_Invty,int,null
fc_entdata_gold,cdm_dim,dim_store_attr,Site_GL_Status,int,null
fc_entdata_gold,cdm_dim,dim_store_attr,Site_Uses_PD,int,null
fc_entdata_gold,cdm_dim,dim_store_attr,Site_Org_Key,"decimal(15,0)",null
fc_entdata_gold,cdm_dim,dim_store_attr,Site_Override_Min_Load,int,null
fc_entdata_gold,cdm_dim,dim_store_attr,Site_Fuel_COGS_Date,timestamp,null
fc_entdata_gold,cdm_dim,dim_store_attr,Site_Def_Fuel_Origin_By,int,null
fc_entdata_gold,cdm_dim,dim_store_attr,Site_Fuel_Vend_Auths,int,null
fc_entdata_gold,cdm_dim,dim_store_attr,Site_Is_BOLSite,int,null
fc_entdata_gold,cdm_dim,dim_store_attr,Site_Uses_VU,int,null
fc_entdata_gold,cdm_dim,dim_store_attr,Site_Used_For_Drop_Ships,int,null
fc_entdata_gold,cdm_dim,dim_store_attr,Site_Incl_In_WhPrcNtc,int,null
fc_entdata_gold,cdm_dim,dim_store_attr,Site_Last_Royalty_Stl_Date,timestamp,null
fc_entdata_gold,cdm_dim,dim_store_attr,Site_Deliv_TankRd_Method,int,null
fc_entdata_gold,cdm_dim,dim_store_attr,Site_Receives_Downloads,int,null
fc_entdata_gold,cdm_dim,dim_store_attr,created_date,timestamp,null
fc_entdata_gold,cdm_dim,dim_store_attr,updated_date,timestamp,null
fc_entdata_gold,cdm_dim,dim_store_attr,created_by,string,null
fc_entdata_gold,cdm_dim,dim_store_attr,updated_by,string,null
fc_entdata_gold,cdm_dim,dim_store_attr,is_referred,string,null
fc_entdata_gold,cdm_dim,dim_store_attr,effective_start_date,date,null
fc_entdata_gold,cdm_dim,dim_store_attr,effective_end_date,date,null
fc_entdata_gold,cdm_dim,dim_store_attr,is_current,int,null
fc_entdata_gold,cdm_dim,dim_store_attr,checksum,string,null
fc_entdata_gold,cdm_dim,dim_store_attr,data_src_key,int,null
fc_entdata_gold,cdm_dim,dim_store_attr,store_2yrsamestore_ind,int,null
fc_entdata_gold,cdm_dim,dim_store_attr,store_MTDsamestore_ind,int,null
fc_entdata_gold,cdm_dim,dim_store_attr,store_samestore_ind,boolean,null
fc_entdata_gold,cdm_dim,dim_store_attr,store_YTDsamestore_ind,int,null
fc_entdata_gold,cdm_dim,dim_store_attr,ATM,string,null
fc_entdata_gold,cdm_dim,dim_store_attr,Lottery,string,null
fc_entdata_gold,cdm_dim,dim_store_attr,HighFlowDieselLanes,string,null
fc_entdata_gold,cdm_dim,dim_store_attr,EVChargerStart,string,null
fc_entdata_gold,cdm_dim,dim_store_attr,EVChargerEnd,string,null
fc_entdata_gold,cdm_dim,dim_store_attr,Liquor,string,null
fc_entdata_gold,cdm_dim,dim_store_attr,24_Hour,string,null
fc_entdata_gold,cdm_dim,dim_store_attr,Auto_Manual,string,null
fc_entdata_gold,cdm_dim,dim_store_attr,store_competitor3_distance,string,null
fc_entdata_gold,cdm_dim,dim_store_attr,store_competitor4,string,null
fc_entdata_gold,cdm_dim,dim_store_attr,store_competitor4_distance,string,null
fc_entdata_gold,cdm_dim,dim_store_attr,store_mclane_dc,string,null
fc_entdata_gold,cdm_dim,dim_store_attr,store_median_secondary,int,null
fc_entdata_gold,cdm_dim,dim_store_attr,store_offer_beantocup_end,date,null
fc_entdata_gold,cdm_dim,dim_store_attr,store_offer_beantocup_start,date,null
fc_entdata_gold,cdm_dim,dim_store_attr,store_offer_bfast_end,date,null
fc_entdata_gold,cdm_dim,dim_store_attr,store_offer_bfast_start,date,null
fc_entdata_gold,cdm_dim,dim_store_attr,store_offer_bubbler_end,date,null
fc_entdata_gold,cdm_dim,dim_store_attr,store_offer_bubbler_start,date,null
fc_entdata_gold,cdm_dim,dim_store_attr,store_offer_froyo_end,date,null
fc_entdata_gold,cdm_dim,dim_store_attr,store_offer_froyo_start,date,null
fc_entdata_gold,cdm_dim,dim_store_attr,store_offer_mto_end,date,null
fc_entdata_gold,cdm_dim,dim_store_attr,store_offer_mto_start,date,null
fc_entdata_gold,cdm_dim,dim_store_attr,store_offer_pizza_end,date,null
fc_entdata_gold,cdm_dim,dim_store_attr,store_offer_pizza_start,date,null
fc_entdata_gold,cdm_dim,dim_store_attr,store_offer_specbev_end,date,null
fc_entdata_gold,cdm_dim,dim_store_attr,store_offer_specbev_start,date,null
fc_entdata_gold,cdm_dim,dim_store_attr,store_offer_speedy_end,date,null
fc_entdata_gold,cdm_dim,dim_store_attr,store_offer_speedy_start,date,null
fc_entdata_gold,cdm_dim,dim_store_attr,store_offer_yogurtmachines,string,null
fc_entdata_gold,cdm_dim,dim_store_attr,store_offertype,string,null
fc_entdata_gold,cdm_dim,dim_store_attr,adv_GNG,string,null
fc_entdata_gold,cdm_dim,dim_store_attr,cat_Approved,string,null
fc_entdata_gold,cdm_dim,dim_store_attr,check_Cashing,string,null
fc_entdata_gold,cdm_dim,dim_store_attr,curbside_Pickup,string,null
fc_entdata_gold,cdm_dim,dim_store_attr,drive_Thru,string,null
fc_entdata_gold,cdm_dim,dim_store_attr,free_Wifi,string,null
fc_entdata_gold,cdm_dim,dim_store_attr,frozen_Yogurt_toppings,string,null
fc_entdata_gold,cdm_dim,dim_store_attr,heat_Slides,string,null
fc_entdata_gold,cdm_dim,dim_store_attr,parking_Spaces_Front,string,null
fc_entdata_gold,cdm_dim,dim_store_attr,pizza_Tower,string,null
fc_entdata_gold,cdm_dim,dim_store_attr,chicken,string,null
fc_entdata_gold,cdm_dim,dim_store_attr,total_Truck_Parking,string,null
fc_entdata_gold,cdm_dim,dim_store_attr,truck_Scale,string,null
fc_entdata_gold,cdm_dim,dim_store_attr,truck_parking,string,null
fc_entdata_gold,cdm_dim,dim_store_attr,coam,string,null
fc_entdata_gold,cdm_dim,dim_store_attr,distance_from_primary_highway,string,null
fc_entdata_gold,cdm_dim,dim_store_attr,primary_highway,string,null
fc_entdata_gold,cdm_dim,dim_store_attr,self_checkout,string,null
fc_entdata_gold,cdm_dim,dim_store_attr,package_passer,string,null
fc_entdata_gold,cdm_dim,dim_store_attr,rtd_dc,string,null
fc_entdata_gold,cdm_dim,dim_store_attr,store_open,string,null
fc_entdata_gold,cdm_dim,dim_store_attr,Catalog,fc_entdata_gold,
fc_entdata_gold,cdm_dim,dim_store_attr,Database,cdm_dim,
fc_entdata_gold,cdm_dim,dim_store_attr,Table,dim_store_attr,
fc_entdata_gold,cdm_dim,dim_store_attr,Created Time,Tue Apr 22 17:27:11 UTC 2025,
fc_entdata_gold,cdm_dim,dim_store_attr,Last Access,UNKNOWN,
fc_entdata_gold,cdm_dim,dim_store_attr,Created By,Spark ,
fc_entdata_gold,cdm_dim,dim_store_attr,Type,FOREIGN,
fc_entdata_gold,cdm_dim,dim_store_attr,Provider,databricks,
fc_entdata_gold,cdm_dim,dim_store_attr,Owner,omry7478@retailer.com,
fc_entdata_gold,cdm_dim,dim_store_attr,Table Properties,[],
fc_entdata_gold,cdm_dim,dim_store_history,store_key,int,null
fc_entdata_gold,cdm_dim,dim_store_history,store_number,int,null
fc_entdata_gold,cdm_dim,dim_store_history,date,date,null
fc_entdata_gold,cdm_dim,dim_store_history,comment,string,null
fc_entdata_gold,cdm_dim,dim_store_history,type,string,null
fc_entdata_gold,cdm_dim,dim_store_history,status,string,null
fc_entdata_gold,cdm_dim,dim_store_history,order_of_reciency,int,null
fc_entdata_gold,cdm_dim,dim_store_history,loaddttm,timestamp,null
fc_entdata_gold,cdm_dim,dim_store_history,created_date,timestamp,null
fc_entdata_gold,cdm_dim,dim_store_history,updated_date,timestamp,null
fc_entdata_gold,cdm_dim,dim_store_history,created_by,string,null
fc_entdata_gold,cdm_dim,dim_store_history,updated_by,string,null
fc_entdata_gold,cdm_dim,dim_store_history,Catalog,fc_entdata_gold,
fc_entdata_gold,cdm_dim,dim_store_history,Database,cdm_dim,
fc_entdata_gold,cdm_dim,dim_store_history,Table,dim_store_history,
fc_entdata_gold,cdm_dim,dim_store_history,Created Time,Tue Apr 22 17:27:11 UTC 2025,
fc_entdata_gold,cdm_dim,dim_store_history,Last Access,UNKNOWN,
fc_entdata_gold,cdm_dim,dim_store_history,Created By,Spark ,
fc_entdata_gold,cdm_dim,dim_store_history,Type,FOREIGN,
fc_entdata_gold,cdm_dim,dim_store_history,Provider,databricks,
fc_entdata_gold,cdm_dim,dim_store_history,Owner,omry7478@retailer.com,
fc_entdata_gold,cdm_dim,dim_store_history,Table Properties,[],
fc_entdata_gold,cdm_dim,dim_store_offers,dim_store_offers_sk,bigint,null
fc_entdata_gold,cdm_dim,dim_store_offers,store_offers_store_key,int,null
fc_entdata_gold,cdm_dim,dim_store_offers,store_offers_store_number,int,null
fc_entdata_gold,cdm_dim,dim_store_offers,store_offers_offer_name,string,null
fc_entdata_gold,cdm_dim,dim_store_offers,store_offers_installed_date,date,null
fc_entdata_gold,cdm_dim,dim_store_offers,store_offers_removed_date,date,null
fc_entdata_gold,cdm_dim,dim_store_offers,store_offers_machine_count,int,null
fc_entdata_gold,cdm_dim,dim_store_offers,store_offers_active,int,null
fc_entdata_gold,cdm_dim,dim_store_offers,loadtime,string,null
fc_entdata_gold,cdm_dim,dim_store_offers,is_current,int,null
fc_entdata_gold,cdm_dim,dim_store_offers,data_src_key,int,null
fc_entdata_gold,cdm_dim,dim_store_offers,start_date,date,null
fc_entdata_gold,cdm_dim,dim_store_offers,end_date,date,null
fc_entdata_gold,cdm_dim,dim_store_offers,created_date,timestamp,null
fc_entdata_gold,cdm_dim,dim_store_offers,updated_date,timestamp,null
fc_entdata_gold,cdm_dim,dim_store_offers,created_by,string,null
fc_entdata_gold,cdm_dim,dim_store_offers,updated_by,string,null
fc_entdata_gold,cdm_dim,dim_store_offers,is_referred,boolean,null
fc_entdata_gold,cdm_dim,dim_store_offers,Catalog,fc_entdata_gold,
fc_entdata_gold,cdm_dim,dim_store_offers,Database,cdm_dim,
fc_entdata_gold,cdm_dim,dim_store_offers,Table,dim_store_offers,
fc_entdata_gold,cdm_dim,dim_store_offers,Created Time,Tue Sep 23 19:15:50 UTC 2025,
fc_entdata_gold,cdm_dim,dim_store_offers,Last Access,UNKNOWN,
fc_entdata_gold,cdm_dim,dim_store_offers,Created By,Spark ,
fc_entdata_gold,cdm_dim,dim_store_offers,Type,FOREIGN,
fc_entdata_gold,cdm_dim,dim_store_offers,Provider,databricks,
fc_entdata_gold,cdm_dim,dim_store_offers,Owner,omry7478@retailer.com,
fc_entdata_gold,cdm_dim,dim_store_offers,Table Properties,[],
fc_entdata_gold,cdm_dim,dim_store_operator,store_operator_key,bigint,null
fc_entdata_gold,cdm_dim,dim_store_operator,store_operator_id,bigint,null
fc_entdata_gold,cdm_dim,dim_store_operator,operator_name,string,null
fc_entdata_gold,cdm_dim,dim_store_operator,store_number,int,null
fc_entdata_gold,cdm_dim,dim_store_operator,start_date,timestamp,null
fc_entdata_gold,cdm_dim,dim_store_operator,end_date,timestamp,null
fc_entdata_gold,cdm_dim,dim_store_operator,is_current,int,null
fc_entdata_gold,cdm_dim,dim_store_operator,data_src_key,int,null
fc_entdata_gold,cdm_dim,dim_store_operator,created_date,timestamp,null
fc_entdata_gold,cdm_dim,dim_store_operator,updated_date,timestamp,null
fc_entdata_gold,cdm_dim,dim_store_operator,created_by,string,null
fc_entdata_gold,cdm_dim,dim_store_operator,updated_by,string,null
fc_entdata_gold,cdm_dim,dim_store_operator,is_referred,string,null
fc_entdata_gold,cdm_dim,dim_store_operator,Catalog,fc_entdata_gold,
fc_entdata_gold,cdm_dim,dim_store_operator,Database,cdm_dim,
fc_entdata_gold,cdm_dim,dim_store_operator,Table,dim_store_operator,
fc_entdata_gold,cdm_dim,dim_store_operator,Created Time,Tue Apr 22 17:27:11 UTC 2025,
fc_entdata_gold,cdm_dim,dim_store_operator,Last Access,UNKNOWN,
fc_entdata_gold,cdm_dim,dim_store_operator,Created By,Spark ,
fc_entdata_gold,cdm_dim,dim_store_operator,Type,FOREIGN,
fc_entdata_gold,cdm_dim,dim_store_operator,Provider,databricks,
fc_entdata_gold,cdm_dim,dim_store_operator,Owner,omry7478@retailer.com,
fc_entdata_gold,cdm_dim,dim_store_operator,Table Properties,[],
fc_entdata_gold,cdm_dim,dim_tender_code,tender_cd_key,int,null
fc_entdata_gold,cdm_dim,dim_tender_code,tender_cd,int,null
fc_entdata_gold,cdm_dim,dim_tender_code,tender_nm,string,null
fc_entdata_gold,cdm_dim,dim_tender_code,is_current,boolean,null
fc_entdata_gold,cdm_dim,dim_tender_code,created_date,timestamp,null
fc_entdata_gold,cdm_dim,dim_tender_code,updated_date,timestamp,null
fc_entdata_gold,cdm_dim,dim_tender_code,created_by,string,null
fc_entdata_gold,cdm_dim,dim_tender_code,updated_by,string,null
fc_entdata_gold,cdm_dim,dim_tender_code,is_referred,string,null
fc_entdata_gold,cdm_dim,dim_tender_code,Catalog,fc_entdata_gold,
fc_entdata_gold,cdm_dim,dim_tender_code,Database,cdm_dim,
fc_entdata_gold,cdm_dim,dim_tender_code,Table,dim_tender_code,
fc_entdata_gold,cdm_dim,dim_tender_code,Created Time,Tue Apr 22 17:27:11 UTC 2025,
fc_entdata_gold,cdm_dim,dim_tender_code,Last Access,UNKNOWN,
fc_entdata_gold,cdm_dim,dim_tender_code,Created By,Spark ,
fc_entdata_gold,cdm_dim,dim_tender_code,Type,FOREIGN,
fc_entdata_gold,cdm_dim,dim_tender_code,Provider,databricks,
fc_entdata_gold,cdm_dim,dim_tender_code,Owner,omry7478@retailer.com,
fc_entdata_gold,cdm_dim,dim_tender_code,Table Properties,[],
fc_entdata_gold,cdm_dim,dim_tender_sub_code,tender_subcode_key,string,null
fc_entdata_gold,cdm_dim,dim_tender_sub_code,tender_subcode_desc,string,null
fc_entdata_gold,cdm_dim,dim_tender_sub_code,fleet_flag,string,null
fc_entdata_gold,cdm_dim,dim_tender_sub_code,tender_code,int,null
fc_entdata_gold,cdm_dim,dim_tender_sub_code,card_type,string,null
fc_entdata_gold,cdm_dim,dim_tender_sub_code,is_current,boolean,null
fc_entdata_gold,cdm_dim,dim_tender_sub_code,created_date,timestamp,null
fc_entdata_gold,cdm_dim,dim_tender_sub_code,updated_date,timestamp,null
fc_entdata_gold,cdm_dim,dim_tender_sub_code,created_by,string,null
fc_entdata_gold,cdm_dim,dim_tender_sub_code,updated_by,string,null
fc_entdata_gold,cdm_dim,dim_tender_sub_code,is_referred,string,null
fc_entdata_gold,cdm_dim,dim_tender_sub_code,Catalog,fc_entdata_gold,
fc_entdata_gold,cdm_dim,dim_tender_sub_code,Database,cdm_dim,
fc_entdata_gold,cdm_dim,dim_tender_sub_code,Table,dim_tender_sub_code,
fc_entdata_gold,cdm_dim,dim_tender_sub_code,Created Time,Tue Apr 22 17:27:11 UTC 2025,
fc_entdata_gold,cdm_dim,dim_tender_sub_code,Last Access,UNKNOWN,
fc_entdata_gold,cdm_dim,dim_tender_sub_code,Created By,Spark ,
fc_entdata_gold,cdm_dim,dim_tender_sub_code,Type,FOREIGN,
fc_entdata_gold,cdm_dim,dim_tender_sub_code,Provider,databricks,
fc_entdata_gold,cdm_dim,dim_tender_sub_code,Owner,omry7478@retailer.com,
fc_entdata_gold,cdm_dim,dim_tender_sub_code,Table Properties,[],
fc_entdata_gold,cdm_dim,dim_terminal_info,FO_Trmnl_ID,string,null
fc_entdata_gold,cdm_dim,dim_terminal_info,FO_Trmnl_Key,int,null
fc_entdata_gold,cdm_dim,dim_terminal_info,FO_FuelOpt_Terminal,string,null
fc_entdata_gold,cdm_dim,dim_terminal_info,FO_TCN,string,null
fc_entdata_gold,cdm_dim,dim_terminal_info,FO_Latitude,"decimal(25,6)",null
fc_entdata_gold,cdm_dim,dim_terminal_info,FO_Longitude,"decimal(25,6)",null
fc_entdata_gold,cdm_dim,dim_terminal_info,FO_Trmnl_Address_1,string,null
fc_entdata_gold,cdm_dim,dim_terminal_info,FO_Trmnl_City,string,null
fc_entdata_gold,cdm_dim,dim_terminal_info,FO_Trmnl_Postal_Code,string,null
fc_entdata_gold,cdm_dim,dim_terminal_info,FO_TA_Group_ID,int,null
fc_entdata_gold,cdm_dim,dim_terminal_info,FO_TA_Group_Name,string,null
fc_entdata_gold,cdm_dim,dim_terminal_info,FO_TAreaNum,int,null
fc_entdata_gold,cdm_dim,dim_terminal_info,FO_Pricing_Market,string,null
fc_entdata_gold,cdm_dim,dim_terminal_info,FO_PricingMarketID,string,null
fc_entdata_gold,cdm_dim,dim_terminal_info,FO_TAreaName,string,null
fc_entdata_gold,cdm_dim,dim_terminal_info,FO_City,string,null
fc_entdata_gold,cdm_dim,dim_terminal_info,FO_StateName,string,null
fc_entdata_gold,cdm_dim,dim_terminal_info,FO_TermNum,int,null
fc_entdata_gold,cdm_dim,dim_terminal_info,FO_TermName,string,null
fc_entdata_gold,cdm_dim,dim_terminal_info,FO_PDINum,int,null
fc_entdata_gold,cdm_dim,dim_terminal_info,FO_RSM,string,null
fc_entdata_gold,cdm_dim,dim_terminal_info,FO_TransportAnalyst,string,null
fc_entdata_gold,cdm_dim,dim_terminal_info,FO_RegionId,int,null
fc_entdata_gold,cdm_dim,dim_terminal_info,FO_Region,string,null
fc_entdata_gold,cdm_dim,dim_terminal_info,Allegro_DBtable,string,null
fc_entdata_gold,cdm_dim,dim_terminal_info,Allegro_RackTerminal,string,null
fc_entdata_gold,cdm_dim,dim_terminal_info,Allegro_BulkTerminal,string,null
fc_entdata_gold,cdm_dim,dim_terminal_info,Allegro_Interface,string,null
fc_entdata_gold,cdm_dim,dim_terminal_info,RA_LcleID,int,null
fc_entdata_gold,cdm_dim,dim_terminal_info,RA_LcleTpeID,int,null
fc_entdata_gold,cdm_dim,dim_terminal_info,RA_LcleStts,string,null
fc_entdata_gold,cdm_dim,dim_terminal_info,RA_LcleNme,string,null
fc_entdata_gold,cdm_dim,dim_terminal_info,RA_LcleAbbrvtn,string,null
fc_entdata_gold,cdm_dim,dim_terminal_info,RA_LcleNmeExtension,string,null
fc_entdata_gold,cdm_dim,dim_terminal_info,RA_LcleAbbrvtnExtension,string,null
fc_entdata_gold,cdm_dim,dim_terminal_info,RA_MeterNumber,string,null
fc_entdata_gold,cdm_dim,dim_terminal_info,RA_AssociatedBAID,int,null
fc_entdata_gold,cdm_dim,dim_terminal_info,RA_UseOnDealFlg,int,null
fc_entdata_gold,cdm_dim,dim_terminal_info,RA_CommentTxt,string,null
fc_entdata_gold,cdm_dim,dim_terminal_info,RA_Latitude,double,null
fc_entdata_gold,cdm_dim,dim_terminal_info,RA_Longitude,double,null
fc_entdata_gold,cdm_dim,dim_terminal_info,RA_Name,string,null
fc_entdata_gold,cdm_dim,dim_terminal_info,RA_Abbreviation,string,null
fc_entdata_gold,cdm_dim,dim_terminal_info,RA_LcleTpeDscrptn,string,null
fc_entdata_gold,cdm_dim,dim_terminal_info,RA_Region,string,null
fc_entdata_gold,cdm_dim,dim_terminal_info,RA_PDIID,string,null
fc_entdata_gold,cdm_dim,dim_terminal_info,Active,int,null
fc_entdata_gold,cdm_dim,dim_terminal_info,Timezone,string,null
fc_entdata_gold,cdm_dim,dim_terminal_info,tcn,string,null
fc_entdata_gold,cdm_dim,dim_terminal_info,DefaultBilledGallons,string,null
fc_entdata_gold,cdm_dim,dim_terminal_info,Catalog,fc_entdata_gold,
fc_entdata_gold,cdm_dim,dim_terminal_info,Database,cdm_dim,
fc_entdata_gold,cdm_dim,dim_terminal_info,Table,dim_terminal_info,
fc_entdata_gold,cdm_dim,dim_terminal_info,Created Time,Tue Apr 22 17:27:11 UTC 2025,
fc_entdata_gold,cdm_dim,dim_terminal_info,Last Access,UNKNOWN,
fc_entdata_gold,cdm_dim,dim_terminal_info,Created By,Spark ,
fc_entdata_gold,cdm_dim,dim_terminal_info,Type,FOREIGN,
fc_entdata_gold,cdm_dim,dim_terminal_info,Provider,databricks,
fc_entdata_gold,cdm_dim,dim_terminal_info,Owner,omry7478@retailer.com,
fc_entdata_gold,cdm_dim,dim_terminal_info,Table Properties,[],
fc_entdata_gold,cdm_dim,dim_time,time_key,bigint,null
fc_entdata_gold,cdm_dim,dim_time,src_time_key,int,null
fc_entdata_gold,cdm_dim,dim_time,timealt_key,int,null
fc_entdata_gold,cdm_dim,dim_time,time30,string,null
fc_entdata_gold,cdm_dim,dim_time,hour30,tinyint,null
fc_entdata_gold,cdm_dim,dim_time,minute_number,tinyint,null
fc_entdata_gold,cdm_dim,dim_time,second_number,tinyint,null
fc_entdata_gold,cdm_dim,dim_time,time_in_second,int,null
fc_entdata_gold,cdm_dim,dim_time,hourly_bucket,string,null
fc_entdata_gold,cdm_dim,dim_time,day_time_bucket_group_key,int,null
fc_entdata_gold,cdm_dim,dim_time,day_time_bucket,string,null
fc_entdata_gold,cdm_dim,dim_time,loadtime,string,null
fc_entdata_gold,cdm_dim,dim_time,start_date,timestamp,null
fc_entdata_gold,cdm_dim,dim_time,end_date,timestamp,null
fc_entdata_gold,cdm_dim,dim_time,is_current,int,null
fc_entdata_gold,cdm_dim,dim_time,data_source_key,string,null
fc_entdata_gold,cdm_dim,dim_time,created_date,timestamp,null
fc_entdata_gold,cdm_dim,dim_time,updated_date,timestamp,null
fc_entdata_gold,cdm_dim,dim_time,created_by,string,null
fc_entdata_gold,cdm_dim,dim_time,updated_by,string,null
fc_entdata_gold,cdm_dim,dim_time,is_referred,boolean,null
fc_entdata_gold,cdm_dim,dim_time,Catalog,fc_entdata_gold,
fc_entdata_gold,cdm_dim,dim_time,Database,cdm_dim,
fc_entdata_gold,cdm_dim,dim_time,Table,dim_time,
fc_entdata_gold,cdm_dim,dim_time,Created Time,Tue Apr 22 17:27:11 UTC 2025,
fc_entdata_gold,cdm_dim,dim_time,Last Access,UNKNOWN,
fc_entdata_gold,cdm_dim,dim_time,Created By,Spark ,
fc_entdata_gold,cdm_dim,dim_time,Type,FOREIGN,
fc_entdata_gold,cdm_dim,dim_time,Provider,databricks,
fc_entdata_gold,cdm_dim,dim_time,Owner,omry7478@retailer.com,
fc_entdata_gold,cdm_dim,dim_time,Table Properties,[],
fc_entdata_gold,cdm_dim,dim_vendors,vend_key,bigint,null
fc_entdata_gold,cdm_dim,dim_vendors,src_vend_key,int,null
fc_entdata_gold,cdm_dim,dim_vendors,src_vendtype_key,int,null
fc_entdata_gold,cdm_dim,dim_vendors,state_key,int,null
fc_entdata_gold,cdm_dim,dim_vendors,default_apterms_key,int,null
fc_entdata_gold,cdm_dim,dim_vendors,fuel_apterms_key,int,null
fc_entdata_gold,cdm_dim,dim_vendors,doc_language_key,int,null
fc_entdata_gold,cdm_dim,dim_vendors,deactivated_date_key,int,null
fc_entdata_gold,cdm_dim,dim_vendors,created_date_key,int,null
fc_entdata_gold,cdm_dim,dim_vendors,genfrt_invc_remit_cd,int,null
fc_entdata_gold,cdm_dim,dim_vendors,genfrt_invc_method_cd,int,null
fc_entdata_gold,cdm_dim,dim_vendors,class_cd,int,null
fc_entdata_gold,cdm_dim,dim_vendors,fuel_invc_units_cd,int,null
fc_entdata_gold,cdm_dim,dim_vendors,fuel_cost_life_units_cd,int,null
fc_entdata_gold,cdm_dim,dim_vendors,fuel_intercomp_invc_option_cd,int,null
fc_entdata_gold,cdm_dim,dim_vendors,bol_confirmation_units_cd,int,null
fc_entdata_gold,cdm_dim,dim_vendors,exp_fuelord_format_cd,int,null
fc_entdata_gold,cdm_dim,dim_vendors,mixed_load_min_vol_option_cd,int,null
fc_entdata_gold,cdm_dim,dim_vendors,genfrt_remit_export_file_cd,int,null
fc_entdata_gold,cdm_dim,dim_vendors,mixed_split_load_purchase_option_cd,int,null
fc_entdata_gold,cdm_dim,dim_vendors,mixed_split_load_sale_option_cd,int,null
fc_entdata_gold,cdm_dim,dim_vendors,credit_invoice_due_date_option_cd,int,null
fc_entdata_gold,cdm_dim,dim_vendors,tax_id_type_cd,int,null
fc_entdata_gold,cdm_dim,dim_vendors,tin_status_cd,int,null
fc_entdata_gold,cdm_dim,dim_vendors,requirevehicledriveroption_cd,int,null
fc_entdata_gold,cdm_dim,dim_vendors,mixed_load_min_rate_option_cd,int,null
fc_entdata_gold,cdm_dim,dim_vendors,vend_id,string,null
fc_entdata_gold,cdm_dim,dim_vendors,tax_id,string,null
fc_entdata_gold,cdm_dim,dim_vendors,scac_id,string,null
fc_entdata_gold,cdm_dim,dim_vendors,vend_desc,string,null
fc_entdata_gold,cdm_dim,dim_vendors,alt_description,string,null
fc_entdata_gold,cdm_dim,dim_vendors,address_1,string,null
fc_entdata_gold,cdm_dim,dim_vendors,address_2,string,null
fc_entdata_gold,cdm_dim,dim_vendors,city,string,null
fc_entdata_gold,cdm_dim,dim_vendors,postal_code,string,null
fc_entdata_gold,cdm_dim,dim_vendors,phone,string,null
fc_entdata_gold,cdm_dim,dim_vendors,alt_phone,string,null
fc_entdata_gold,cdm_dim,dim_vendors,fax,string,null
fc_entdata_gold,cdm_dim,dim_vendors,masked_fax,string,null
fc_entdata_gold,cdm_dim,dim_vendors,masked_phone,string,null
fc_entdata_gold,cdm_dim,dim_vendors,masked_alt_phone,string,null
fc_entdata_gold,cdm_dim,dim_vendors,on_hold,int,null
fc_entdata_gold,cdm_dim,dim_vendors,internal_vendor,int,null
fc_entdata_gold,cdm_dim,dim_vendors,export_vendor_id,string,null
fc_entdata_gold,cdm_dim,dim_vendors,use_default_terms,int,null
fc_entdata_gold,cdm_dim,dim_vendors,fuel_invc_has_frt,int,null
fc_entdata_gold,cdm_dim,dim_vendors,fuel_invc_has_deftax,int,null
fc_entdata_gold,cdm_dim,dim_vendors,fuel_cost_lifetime,"decimal(7,2)",null
fc_entdata_gold,cdm_dim,dim_vendors,od_vehicle_required,int,null
fc_entdata_gold,cdm_dim,dim_vendors,od_driver_required,int,null
fc_entdata_gold,cdm_dim,dim_vendors,od_time_required,int,null
fc_entdata_gold,cdm_dim,dim_vendors,od_odometer_required,int,null
fc_entdata_gold,cdm_dim,dim_vendors,recon_zero_frt,int,null
fc_entdata_gold,cdm_dim,dim_vendors,county,string,null
fc_entdata_gold,cdm_dim,dim_vendors,default_curr_id,string,null
fc_entdata_gold,cdm_dim,dim_vendors,allow_at_site,int,null
fc_entdata_gold,cdm_dim,dim_vendors,deactivated,int,null
fc_entdata_gold,cdm_dim,dim_vendors,deactivated_date,timestamp,null
fc_entdata_gold,cdm_dim,dim_vendors,src_created_date,timestamp,null
fc_entdata_gold,cdm_dim,dim_vendors,onetime,int,null
fc_entdata_gold,cdm_dim,dim_vendors,recon_before_billing,int,null
fc_entdata_gold,cdm_dim,dim_vendors,precision,int,null
fc_entdata_gold,cdm_dim,dim_vendors,bol_confirmation_required,int,null
fc_entdata_gold,cdm_dim,dim_vendors,use_bol_liftdate,int,null
fc_entdata_gold,cdm_dim,dim_vendors,all_sites,int,null
fc_entdata_gold,cdm_dim,dim_vendors,exp_fuel_orders,int,null
fc_entdata_gold,cdm_dim,dim_vendors,generate_frt_invoices,int,null
fc_entdata_gold,cdm_dim,dim_vendors,supplies_wi_prods,int,null
fc_entdata_gold,cdm_dim,dim_vendors,bols_invc_by_prod_tax_group,int,null
fc_entdata_gold,cdm_dim,dim_vendors,rnd_surchg_frt_precision,int,null
fc_entdata_gold,cdm_dim,dim_vendors,rnd_surchg_frt,int,null
fc_entdata_gold,cdm_dim,dim_vendors,match_fuelinv_date,int,null
fc_entdata_gold,cdm_dim,dim_vendors,match_frtinv_date,int,null
fc_entdata_gold,cdm_dim,dim_vendors,match_taxinv_date,int,null
fc_entdata_gold,cdm_dim,dim_vendors,match_days_before,int,null
fc_entdata_gold,cdm_dim,dim_vendors,match_days_after,int,null
fc_entdata_gold,cdm_dim,dim_vendors,buyback_inv_variance,"decimal(19,2)",null
fc_entdata_gold,cdm_dim,dim_vendors,buyback_recon_before_billing,int,null
fc_entdata_gold,cdm_dim,dim_vendors,autogen_defertax_invoice,int,null
fc_entdata_gold,cdm_dim,dim_vendors,genwhsle_ar_invoice,int,null
fc_entdata_gold,cdm_dim,dim_vendors,fuel_credit_invoice_due_date_option,int,null
fc_entdata_gold,cdm_dim,dim_vendors,calc_wi_prch_taxes,int,null
fc_entdata_gold,cdm_dim,dim_vendors,wi_export_pos,int,null
fc_entdata_gold,cdm_dim,dim_vendors,national_account,int,null
fc_entdata_gold,cdm_dim,dim_vendors,default_buyback_refno,int,null
fc_entdata_gold,cdm_dim,dim_vendors,buyback_approval_req,int,null
fc_entdata_gold,cdm_dim,dim_vendors,itemize_per_load_freight,int,null
fc_entdata_gold,cdm_dim,dim_vendors,address_3,string,null
fc_entdata_gold,cdm_dim,dim_vendors,match_fuelinv_site,int,null
fc_entdata_gold,cdm_dim,dim_vendors,freight_invoicedbyload,int,null
fc_entdata_gold,cdm_dim,dim_vendors,use_vehicle_profit_site,int,null
fc_entdata_gold,cdm_dim,dim_vendors,buyback_export,int,null
fc_entdata_gold,cdm_dim,dim_vendors,buyback_expt_format,int,null
fc_entdata_gold,cdm_dim,dim_vendors,buyback_expt_file_option,int,null
fc_entdata_gold,cdm_dim,dim_vendors,wi_po_export_file_option,int,null
fc_entdata_gold,cdm_dim,dim_vendors,tax_id_is_encrypted,int,null
fc_entdata_gold,cdm_dim,dim_vendors,tax_id_masked,string,null
fc_entdata_gold,cdm_dim,dim_vendors,subtype_cd,int,null
fc_entdata_gold,cdm_dim,dim_vendors,req_manual_sig_cd,int,null
fc_entdata_gold,cdm_dim,dim_vendors,vendtype_desc,string,null
fc_entdata_gold,cdm_dim,dim_vendors,fuel_invc_frt_units,int,null
fc_entdata_gold,cdm_dim,dim_vendors,duns_id,string,null
fc_entdata_gold,cdm_dim,dim_vendors,state,string,null
fc_entdata_gold,cdm_dim,dim_vendors,contact,string,null
fc_entdata_gold,cdm_dim,dim_vendors,email,string,null
fc_entdata_gold,cdm_dim,dim_vendors,payment_terms,int,null
fc_entdata_gold,cdm_dim,dim_vendors,src_ts,binary,null
fc_entdata_gold,cdm_dim,dim_vendors,loadtime,string,null
fc_entdata_gold,cdm_dim,dim_vendors,start_date,date,null
fc_entdata_gold,cdm_dim,dim_vendors,end_date,date,null
fc_entdata_gold,cdm_dim,dim_vendors,is_current,int,null
fc_entdata_gold,cdm_dim,dim_vendors,data_src_key,int,null
fc_entdata_gold,cdm_dim,dim_vendors,created_date,timestamp,null
fc_entdata_gold,cdm_dim,dim_vendors,updated_date,timestamp,null
fc_entdata_gold,cdm_dim,dim_vendors,created_by,string,null
fc_entdata_gold,cdm_dim,dim_vendors,updated_by,string,null
fc_entdata_gold,cdm_dim,dim_vendors,is_referred,boolean,null
fc_entdata_gold,cdm_dim,dim_vendors,Catalog,fc_entdata_gold,
fc_entdata_gold,cdm_dim,dim_vendors,Database,cdm_dim,
fc_entdata_gold,cdm_dim,dim_vendors,Table,dim_vendors,
fc_entdata_gold,cdm_dim,dim_vendors,Created Time,Tue Apr 22 17:27:11 UTC 2025,
fc_entdata_gold,cdm_dim,dim_vendors,Last Access,UNKNOWN,
fc_entdata_gold,cdm_dim,dim_vendors,Created By,Spark ,
fc_entdata_gold,cdm_dim,dim_vendors,Type,FOREIGN,
fc_entdata_gold,cdm_dim,dim_vendors,Provider,databricks,
fc_entdata_gold,cdm_dim,dim_vendors,Owner,omry7478@retailer.com,
fc_entdata_gold,cdm_dim,dim_vendors,Table Properties,[],
fc_entdata_gold,cdm_dim,merch_hierarchy_gk,merch_hierarchy,bigint,null
fc_entdata_gold,cdm_dim,merch_hierarchy_gk,merch_hierarchy_description,string,null
fc_entdata_gold,cdm_dim,merch_hierarchy_gk,data_src_key,bigint,null
fc_entdata_gold,cdm_dim,merch_hierarchy_gk,current_flg,bigint,null
fc_entdata_gold,cdm_dim,merch_hierarchy_gk,create_date,string,null
fc_entdata_gold,cdm_dim,merch_hierarchy_gk,update_date,string,null
fc_entdata_gold,cdm_dim,merch_hierarchy_gk,create_by,string,null
fc_entdata_gold,cdm_dim,merch_hierarchy_gk,update_by,string,null
fc_entdata_gold,cdm_dim,merch_hierarchy_gk,Catalog,fc_entdata_gold,
fc_entdata_gold,cdm_dim,merch_hierarchy_gk,Database,cdm_dim,
fc_entdata_gold,cdm_dim,merch_hierarchy_gk,Table,merch_hierarchy_gk,
fc_entdata_gold,cdm_dim,merch_hierarchy_gk,Created Time,Tue Apr 22 17:27:11 UTC 2025,
fc_entdata_gold,cdm_dim,merch_hierarchy_gk,Last Access,UNKNOWN,
fc_entdata_gold,cdm_dim,merch_hierarchy_gk,Created By,Spark ,
fc_entdata_gold,cdm_dim,merch_hierarchy_gk,Type,FOREIGN,
fc_entdata_gold,cdm_dim,merch_hierarchy_gk,Provider,databricks,
fc_entdata_gold,cdm_dim,merch_hierarchy_gk,Owner,omry7478@retailer.com,
fc_entdata_gold,cdm_dim,merch_hierarchy_gk,Table Properties,[],
fc_entdata_gold,cdm_dim,vw_active_stores,store_banner,string,null
fc_entdata_gold,cdm_dim,vw_active_stores,store_number,int,null
fc_entdata_gold,cdm_dim,vw_active_stores,store_name,string,null
fc_entdata_gold,cdm_dim,vw_active_stores,store_address_1,string,null
fc_entdata_gold,cdm_dim,vw_active_stores,store_address_2,string,null
fc_entdata_gold,cdm_dim,vw_active_stores,store_city,string,null
fc_entdata_gold,cdm_dim,vw_active_stores,store_state,string,null
fc_entdata_gold,cdm_dim,vw_active_stores,store_zip,string,null
fc_entdata_gold,cdm_dim,vw_active_stores,store_zip4,string,null
fc_entdata_gold,cdm_dim,vw_active_stores,store_fax,string,null
fc_entdata_gold,cdm_dim,vw_active_stores,store_phone,string,null
fc_entdata_gold,cdm_dim,vw_active_stores,store_status,string,null
fc_entdata_gold,cdm_dim,vw_active_stores,store_open,string,null
fc_entdata_gold,cdm_dim,vw_active_stores,store_bldgtype,string,null
fc_entdata_gold,cdm_dim,vw_active_stores,store_opendate,date,null
fc_entdata_gold,cdm_dim,vw_active_stores,store_closedate,date,null
fc_entdata_gold,cdm_dim,vw_active_stores,store_latitude,double,null
fc_entdata_gold,cdm_dim,vw_active_stores,store_longitude,double,null
fc_entdata_gold,cdm_dim,vw_active_stores,store_sqfoot,int,null
fc_entdata_gold,cdm_dim,vw_active_stores,store_tankcount,int,null
fc_entdata_gold,cdm_dim,vw_active_stores,store_pumpcount,int,null
fc_entdata_gold,cdm_dim,vw_active_stores,store_division_desc,string,null
fc_entdata_gold,cdm_dim,vw_active_stores,store_region_desc,string,null
fc_entdata_gold,cdm_dim,vw_active_stores,store_area_desc,string,null
fc_entdata_gold,cdm_dim,vw_active_stores,store_dma,string,null
fc_entdata_gold,cdm_dim,vw_active_stores,store_dma_ID,int,null
fc_entdata_gold,cdm_dim,vw_active_stores,store_remodel_type,string,null
fc_entdata_gold,cdm_dim,vw_active_stores,store_remodel_close_date,date,null
fc_entdata_gold,cdm_dim,vw_active_stores,store_remodel_open_date,date,null
fc_entdata_gold,cdm_dim,vw_active_stores,store_temp_space_open,date,null
fc_entdata_gold,cdm_dim,vw_active_stores,store_temp_space_close,date,null
fc_entdata_gold,cdm_dim,vw_active_stores,store_24_hour,int,null
fc_entdata_gold,cdm_dim,vw_active_stores,store_labor_structure,string,null
fc_entdata_gold,cdm_dim,vw_active_stores,store_perm_billboard,int,null
fc_entdata_gold,cdm_dim,vw_active_stores,store_mclane_dc,string,null
fc_entdata_gold,cdm_dim,vw_active_stores,store_parkingspaces,int,null
fc_entdata_gold,cdm_dim,vw_active_stores,store_roadtype_primary,string,null
fc_entdata_gold,cdm_dim,vw_active_stores,store_roadtype_secondary,string,null
fc_entdata_gold,cdm_dim,vw_active_stores,store_median_primary,int,null
fc_entdata_gold,cdm_dim,vw_active_stores,store_median_secondary,int,null
fc_entdata_gold,cdm_dim,vw_active_stores,store_curbcuts_primary,int,null
fc_entdata_gold,cdm_dim,vw_active_stores,store_curbcuts_secondary,int,null
fc_entdata_gold,cdm_dim,vw_active_stores,store_lightedintersection,string,null
fc_entdata_gold,cdm_dim,vw_active_stores,store_curveorientation,string,null
fc_entdata_gold,cdm_dim,vw_active_stores,store_areatype,string,null
fc_entdata_gold,cdm_dim,vw_active_stores,store_pricesign,string,null
fc_entdata_gold,cdm_dim,vw_active_stores,store_totaltraffic,int,null
fc_entdata_gold,cdm_dim,vw_active_stores,store_primarytraffic,int,null
fc_entdata_gold,cdm_dim,vw_active_stores,store_secondarytraffic,int,null
fc_entdata_gold,cdm_dim,vw_active_stores,store_avg_gasrank,"decimal(22,9)",null
fc_entdata_gold,cdm_dim,vw_active_stores,store_fastfood_count,int,null
fc_entdata_gold,cdm_dim,vw_active_stores,store_grocery_count,int,null
fc_entdata_gold,cdm_dim,vw_active_stores,store_pharmacy_count,int,null
fc_entdata_gold,cdm_dim,vw_active_stores,store_alctobbacco_count,int,null
fc_entdata_gold,cdm_dim,vw_active_stores,store_totalinsidecompetitors,int,null
fc_entdata_gold,cdm_dim,vw_active_stores,store_conflictingstore_1,int,null
fc_entdata_gold,cdm_dim,vw_active_stores,store_conflictingstore_2,int,null
fc_entdata_gold,cdm_dim,vw_active_stores,store_conflictingstore_3,int,null
fc_entdata_gold,cdm_dim,vw_active_stores,store_competitor1,string,null
fc_entdata_gold,cdm_dim,vw_active_stores,store_competitor1_distance,string,null
fc_entdata_gold,cdm_dim,vw_active_stores,store_competitor2,string,null
fc_entdata_gold,cdm_dim,vw_active_stores,store_competitor2_distance,string,null
fc_entdata_gold,cdm_dim,vw_active_stores,store_competitor3,string,null
fc_entdata_gold,cdm_dim,vw_active_stores,store_competitor3_distance,string,null
fc_entdata_gold,cdm_dim,vw_active_stores,store_competitor4,string,null
fc_entdata_gold,cdm_dim,vw_active_stores,store_competitor4_distance,string,null
fc_entdata_gold,cdm_dim,vw_active_stores,store_offer_froyo_start,date,null
fc_entdata_gold,cdm_dim,vw_active_stores,store_offer_froyo_end,date,null
fc_entdata_gold,cdm_dim,vw_active_stores,store_offer_bfast_start,date,null
fc_entdata_gold,cdm_dim,vw_active_stores,store_offer_bfast_end,date,null
fc_entdata_gold,cdm_dim,vw_active_stores,store_offer_pizza_start,date,null
fc_entdata_gold,cdm_dim,vw_active_stores,store_offer_pizza_end,date,null
fc_entdata_gold,cdm_dim,vw_active_stores,store_offer_mto_start,date,null
fc_entdata_gold,cdm_dim,vw_active_stores,store_offer_mto_end,date,null
fc_entdata_gold,cdm_dim,vw_active_stores,store_offer_specbev_start,date,null
fc_entdata_gold,cdm_dim,vw_active_stores,store_offer_specbev_end,date,null
fc_entdata_gold,cdm_dim,vw_active_stores,store_offer_beantocup_start,date,null
fc_entdata_gold,cdm_dim,vw_active_stores,store_offer_beantocup_end,date,null
fc_entdata_gold,cdm_dim,vw_active_stores,store_offertype,string,null
fc_entdata_gold,cdm_dim,vw_active_stores,store_offer_speedy_start,date,null
fc_entdata_gold,cdm_dim,vw_active_stores,store_offer_speedy_end,date,null
fc_entdata_gold,cdm_dim,vw_active_stores,store_offer_bubbler_start,date,null
fc_entdata_gold,cdm_dim,vw_active_stores,store_offer_bubbler_end,date,null
fc_entdata_gold,cdm_dim,vw_active_stores,store_samestore_ind,boolean,null
fc_entdata_gold,cdm_dim,vw_active_stores,store_2yrsamestore_ind,int,null
fc_entdata_gold,cdm_dim,vw_active_stores,store_YTDsamestore_ind,int,null
fc_entdata_gold,cdm_dim,vw_active_stores,store_MTDsamestore_ind,int,null
fc_entdata_gold,cdm_dim,vw_active_stores,Catalog,fc_entdata_gold,
fc_entdata_gold,cdm_dim,vw_active_stores,Database,cdm_dim,
fc_entdata_gold,cdm_dim,vw_active_stores,Table,vw_active_stores,
fc_entdata_gold,cdm_dim,vw_active_stores,Created Time,Tue Sep 23 19:15:50 UTC 2025,
fc_entdata_gold,cdm_dim,vw_active_stores,Last Access,UNKNOWN,
fc_entdata_gold,cdm_dim,vw_active_stores,Created By,Spark ,
fc_entdata_gold,cdm_dim,vw_active_stores,Type,FOREIGN,
fc_entdata_gold,cdm_dim,vw_active_stores,Provider,databricks,
fc_entdata_gold,cdm_dim,vw_active_stores,Owner,omry7478@retailer.com,
fc_entdata_gold,cdm_dim,vw_active_stores,Table Properties,[],
fc_entdata_gold,cdm_dim,vw_dim_finishedgrade,FinishedGrade_Key,bigint,null
fc_entdata_gold,cdm_dim,vw_dim_finishedgrade,FinishedGrade_Prod_Key,bigint,null
fc_entdata_gold,cdm_dim,vw_dim_finishedgrade,FinishedGrade,string,null
fc_entdata_gold,cdm_dim,vw_dim_finishedgrade,PumpGrade,string,null
fc_entdata_gold,cdm_dim,vw_dim_finishedgrade,loaddttm,string,null
fc_entdata_gold,cdm_dim,vw_dim_finishedgrade,Catalog,fc_entdata_gold,
fc_entdata_gold,cdm_dim,vw_dim_finishedgrade,Database,cdm_dim,
fc_entdata_gold,cdm_dim,vw_dim_finishedgrade,Table,vw_dim_finishedgrade,
fc_entdata_gold,cdm_dim,vw_dim_finishedgrade,Created Time,Tue Sep 23 19:15:50 UTC 2025,
fc_entdata_gold,cdm_dim,vw_dim_finishedgrade,Last Access,UNKNOWN,
fc_entdata_gold,cdm_dim,vw_dim_finishedgrade,Created By,Spark ,
fc_entdata_gold,cdm_dim,vw_dim_finishedgrade,Type,FOREIGN,
fc_entdata_gold,cdm_dim,vw_dim_finishedgrade,Provider,databricks,
fc_entdata_gold,cdm_dim,vw_dim_finishedgrade,Owner,omry7478@retailer.com,
fc_entdata_gold,cdm_dim,vw_dim_finishedgrade,Table Properties,[],
fc_entdata_gold,cdm_pos,fin_transaction_credit_batch_detail,txn_key,string,null
fc_entdata_gold,cdm_pos,fin_transaction_credit_batch_detail,txn_id,bigint,null
fc_entdata_gold,cdm_pos,fin_transaction_credit_batch_detail,store_num,int,null
fc_entdata_gold,cdm_pos,fin_transaction_credit_batch_detail,business_date,date,null
fc_entdata_gold,cdm_pos,fin_transaction_credit_batch_detail,data_src,string,null
fc_entdata_gold,cdm_pos,fin_transaction_credit_batch_detail,data_src_key,int,null
fc_entdata_gold,cdm_pos,fin_transaction_credit_batch_detail,store_banner,string,null
fc_entdata_gold,cdm_pos,fin_transaction_credit_batch_detail,store_operator_key,bigint,null
fc_entdata_gold,cdm_pos,fin_transaction_credit_batch_detail,cashier_id,string,null
fc_entdata_gold,cdm_pos,fin_transaction_credit_batch_detail,overriding_cashier_id,bigint,null
fc_entdata_gold,cdm_pos,fin_transaction_credit_batch_detail,register_id,int,null
fc_entdata_gold,cdm_pos,fin_transaction_credit_batch_detail,approving_manager_id,int,null
fc_entdata_gold,cdm_pos,fin_transaction_credit_batch_detail,reason_cd_id,int,null
fc_entdata_gold,cdm_pos,fin_transaction_credit_batch_detail,till_id,int,null
fc_entdata_gold,cdm_pos,fin_transaction_credit_batch_detail,original_txn,int,null
fc_entdata_gold,cdm_pos,fin_transaction_credit_batch_detail,shift_num,int,null
fc_entdata_gold,cdm_pos,fin_transaction_credit_batch_detail,business_date_key,int,null
fc_entdata_gold,cdm_pos,fin_transaction_credit_batch_detail,event_start_date,date,null
fc_entdata_gold,cdm_pos,fin_transaction_credit_batch_detail,event_start_date_key,int,null
fc_entdata_gold,cdm_pos,fin_transaction_credit_batch_detail,event_start_time,timestamp,null
fc_entdata_gold,cdm_pos,fin_transaction_credit_batch_detail,event_start_time_key,int,null
fc_entdata_gold,cdm_pos,fin_transaction_credit_batch_detail,event_end_date,date,null
fc_entdata_gold,cdm_pos,fin_transaction_credit_batch_detail,event_end_date_key,int,null
fc_entdata_gold,cdm_pos,fin_transaction_credit_batch_detail,event_end_time,timestamp,null
fc_entdata_gold,cdm_pos,fin_transaction_credit_batch_detail,event_end_time_key,int,null
fc_entdata_gold,cdm_pos,fin_transaction_credit_batch_detail,receipt_date,date,null
fc_entdata_gold,cdm_pos,fin_transaction_credit_batch_detail,receipt_date_key,int,null
fc_entdata_gold,cdm_pos,fin_transaction_credit_batch_detail,receipt_time,timestamp,null
fc_entdata_gold,cdm_pos,fin_transaction_credit_batch_detail,receipt_time_key,int,null
fc_entdata_gold,cdm_pos,fin_transaction_credit_batch_detail,batch_amt,float,null
fc_entdata_gold,cdm_pos,fin_transaction_credit_batch_detail,batch_count,int,null
fc_entdata_gold,cdm_pos,fin_transaction_credit_batch_detail,batch_num,int,null
fc_entdata_gold,cdm_pos,fin_transaction_credit_batch_detail,batch_status,string,null
fc_entdata_gold,cdm_pos,fin_transaction_credit_batch_detail,batch_type,int,null
fc_entdata_gold,cdm_pos,fin_transaction_credit_batch_detail,network_id,string,null
fc_entdata_gold,cdm_pos,fin_transaction_credit_batch_detail,cbd_batch_close,boolean,null
fc_entdata_gold,cdm_pos,fin_transaction_credit_batch_detail,cbd_batch_sequence,int,null
fc_entdata_gold,cdm_pos,fin_transaction_credit_batch_detail,cbd_cashback_amt,float,null
fc_entdata_gold,cdm_pos,fin_transaction_credit_batch_detail,cbd_cashback_count,int,null
fc_entdata_gold,cdm_pos,fin_transaction_credit_batch_detail,cbd_close_timestamp,timestamp,null
fc_entdata_gold,cdm_pos,fin_transaction_credit_batch_detail,cbd_credit_amt,float,null
fc_entdata_gold,cdm_pos,fin_transaction_credit_batch_detail,cbd_credit_batch_total_type,int,null
fc_entdata_gold,cdm_pos,fin_transaction_credit_batch_detail,cbd_credit_count,int,null
fc_entdata_gold,cdm_pos,fin_transaction_credit_batch_detail,cbd_debit_amt,float,null
fc_entdata_gold,cdm_pos,fin_transaction_credit_batch_detail,cbd_debit_count,int,null
fc_entdata_gold,cdm_pos,fin_transaction_credit_batch_detail,cbd_display_as_error,boolean,null
fc_entdata_gold,cdm_pos,fin_transaction_credit_batch_detail,cbd_effective_business_date,date,null
fc_entdata_gold,cdm_pos,fin_transaction_credit_batch_detail,cbd_effective_business_date_key,int,null
fc_entdata_gold,cdm_pos,fin_transaction_credit_batch_detail,cbd_fuel_amt,float,null
fc_entdata_gold,cdm_pos,fin_transaction_credit_batch_detail,cbd_fuel_count,int,null
fc_entdata_gold,cdm_pos,fin_transaction_credit_batch_detail,cbd_gross_amt,float,null
fc_entdata_gold,cdm_pos,fin_transaction_credit_batch_detail,cbd_gross_count,int,null
fc_entdata_gold,cdm_pos,fin_transaction_credit_batch_detail,cbd_is_approved,boolean,null
fc_entdata_gold,cdm_pos,fin_transaction_credit_batch_detail,cbd_location,string,null
fc_entdata_gold,cdm_pos,fin_transaction_credit_batch_detail,cbd_merchant_batch_number,int,null
fc_entdata_gold,cdm_pos,fin_transaction_credit_batch_detail,cbd_merchant_terminal_id,int,null
fc_entdata_gold,cdm_pos,fin_transaction_credit_batch_detail,cbd_network,string,null
fc_entdata_gold,cdm_pos,fin_transaction_credit_batch_detail,cbd_network_batch_amt,float,null
fc_entdata_gold,cdm_pos,fin_transaction_credit_batch_detail,cbd_network_batch_count,int,null
fc_entdata_gold,cdm_pos,fin_transaction_credit_batch_detail,cbd_oil_amt,float,null
fc_entdata_gold,cdm_pos,fin_transaction_credit_batch_detail,cbd_oil_count,int,null
fc_entdata_gold,cdm_pos,fin_transaction_credit_batch_detail,cbd_operator_text,string,null
fc_entdata_gold,cdm_pos,fin_transaction_credit_batch_detail,cbd_pos_state,string,null
fc_entdata_gold,cdm_pos,fin_transaction_credit_batch_detail,cbd_reason,int,null
fc_entdata_gold,cdm_pos,fin_transaction_credit_batch_detail,cbd_refund_amt,float,null
fc_entdata_gold,cdm_pos,fin_transaction_credit_batch_detail,cbd_refund_count,int,null
fc_entdata_gold,cdm_pos,fin_transaction_credit_batch_detail,cbd_sale_amt,float,null
fc_entdata_gold,cdm_pos,fin_transaction_credit_batch_detail,cbd_sale_count,int,null
fc_entdata_gold,cdm_pos,fin_transaction_credit_batch_detail,cbd_tax_amt,float,null
fc_entdata_gold,cdm_pos,fin_transaction_credit_batch_detail,cbd_tax_count,int,null
fc_entdata_gold,cdm_pos,fin_transaction_credit_batch_detail,cbd_title,string,null
fc_entdata_gold,cdm_pos,fin_transaction_credit_batch_detail,cbd_total_amt,float,null
fc_entdata_gold,cdm_pos,fin_transaction_credit_batch_detail,cbd_total_count,int,null
fc_entdata_gold,cdm_pos,fin_transaction_credit_batch_detail,cbd_eps_tran_num,varchar(255),null
fc_entdata_gold,cdm_pos,fin_transaction_credit_batch_detail,cbd_void_amt,float,null
fc_entdata_gold,cdm_pos,fin_transaction_credit_batch_detail,cbd_void_count,int,null
fc_entdata_gold,cdm_pos,fin_transaction_credit_batch_detail,lbd_approved_flag_value,string,null
fc_entdata_gold,cdm_pos,fin_transaction_credit_batch_detail,lbd_batch_close_flag_value,string,null
fc_entdata_gold,cdm_pos,fin_transaction_credit_batch_detail,lbd_batch_sequence,int,null
fc_entdata_gold,cdm_pos,fin_transaction_credit_batch_detail,lbd_close_timestamp,timestamp,null
fc_entdata_gold,cdm_pos,fin_transaction_credit_batch_detail,lbd_display_as_error_flag_value,string,null
fc_entdata_gold,cdm_pos,fin_transaction_credit_batch_detail,lbd_effective_business_date,date,null
fc_entdata_gold,cdm_pos,fin_transaction_credit_batch_detail,lbd_effective_business_date_key,int,null
fc_entdata_gold,cdm_pos,fin_transaction_credit_batch_detail,lbd_host_fuel_discount_amt,float,null
fc_entdata_gold,cdm_pos,fin_transaction_credit_batch_detail,lbd_host_fuel_discount_volume,int,null
fc_entdata_gold,cdm_pos,fin_transaction_credit_batch_detail,lbd_host_merchandise_discount_amt,float,null
fc_entdata_gold,cdm_pos,fin_transaction_credit_batch_detail,lbd_host_merchandise_discount_count,int,null
fc_entdata_gold,cdm_pos,fin_transaction_credit_batch_detail,lbd_host_total_discount_amt,float,null
fc_entdata_gold,cdm_pos,fin_transaction_credit_batch_detail,lbd_host_total_discount_count,int,null
fc_entdata_gold,cdm_pos,fin_transaction_credit_batch_detail,lbd_local_fuel_discount_amt,float,null
fc_entdata_gold,cdm_pos,fin_transaction_credit_batch_detail,lbd_local_fuel_discount_volume,int,null
fc_entdata_gold,cdm_pos,fin_transaction_credit_batch_detail,lbd_local_merchandise_discount_amt,float,null
fc_entdata_gold,cdm_pos,fin_transaction_credit_batch_detail,lbd_local_merchandise_discount_count,int,null
fc_entdata_gold,cdm_pos,fin_transaction_credit_batch_detail,lbd_local_total_discount_amt,float,null
fc_entdata_gold,cdm_pos,fin_transaction_credit_batch_detail,lbd_local_total_discount_count,int,null
fc_entdata_gold,cdm_pos,fin_transaction_credit_batch_detail,lbd_location,string,null
fc_entdata_gold,cdm_pos,fin_transaction_credit_batch_detail,lbd_loyalty_batch_total_type,string,null
fc_entdata_gold,cdm_pos,fin_transaction_credit_batch_detail,lbd_network,string,null
fc_entdata_gold,cdm_pos,fin_transaction_credit_batch_detail,lbd_operator_text,string,null
fc_entdata_gold,cdm_pos,fin_transaction_credit_batch_detail,lbd_pos_state,string,null
fc_entdata_gold,cdm_pos,fin_transaction_credit_batch_detail,lbd_reason,int,null
fc_entdata_gold,cdm_pos,fin_transaction_credit_batch_detail,lbd_rlm_tran_num,int,null
fc_entdata_gold,cdm_pos,fin_transaction_credit_batch_detail,lbd_title,string,null
fc_entdata_gold,cdm_pos,fin_transaction_credit_batch_detail,src_filenm,string,null
fc_entdata_gold,cdm_pos,fin_transaction_credit_batch_detail,created_date,timestamp,null
fc_entdata_gold,cdm_pos,fin_transaction_credit_batch_detail,updated_date,timestamp,null
fc_entdata_gold,cdm_pos,fin_transaction_credit_batch_detail,created_by,string,null
fc_entdata_gold,cdm_pos,fin_transaction_credit_batch_detail,updated_by,string,null
fc_entdata_gold,cdm_pos,fin_transaction_credit_batch_detail,Catalog,fc_entdata_gold,
fc_entdata_gold,cdm_pos,fin_transaction_credit_batch_detail,Database,cdm_pos,
fc_entdata_gold,cdm_pos,fin_transaction_credit_batch_detail,Table,fin_transaction_credit_batch_detail,
fc_entdata_gold,cdm_pos,fin_transaction_credit_batch_detail,Created Time,Thu Jan 15 17:33:07 UTC 2026,
fc_entdata_gold,cdm_pos,fin_transaction_credit_batch_detail,Last Access,UNKNOWN,
fc_entdata_gold,cdm_pos,fin_transaction_credit_batch_detail,Created By,Spark ,
fc_entdata_gold,cdm_pos,fin_transaction_credit_batch_detail,Type,FOREIGN,
fc_entdata_gold,cdm_pos,fin_transaction_credit_batch_detail,Provider,databricks,
fc_entdata_gold,cdm_pos,fin_transaction_credit_batch_detail,Owner,omry7478@retailer.com,
fc_entdata_gold,cdm_pos,fin_transaction_credit_batch_detail,Table Properties,[],
fc_entdata_gold,cdm_pos,fin_transaction_detail,txn_key,string,null
fc_entdata_gold,cdm_pos,fin_transaction_detail,txn_id,string,null
fc_entdata_gold,cdm_pos,fin_transaction_detail,store_num,int,null
fc_entdata_gold,cdm_pos,fin_transaction_detail,business_date,date,null
fc_entdata_gold,cdm_pos,fin_transaction_detail,data_src_key,int,null
fc_entdata_gold,cdm_pos,fin_transaction_detail,data_src,string,null
fc_entdata_gold,cdm_pos,fin_transaction_detail,txn_type,string,null
fc_entdata_gold,cdm_pos,fin_transaction_detail,store_banner,string,null
fc_entdata_gold,cdm_pos,fin_transaction_detail,store_operator_key,bigint,null
fc_entdata_gold,cdm_pos,fin_transaction_detail,cashier_id,string,null
fc_entdata_gold,cdm_pos,fin_transaction_detail,overriding_cashier_id,bigint,null
fc_entdata_gold,cdm_pos,fin_transaction_detail,register_id,int,null
fc_entdata_gold,cdm_pos,fin_transaction_detail,reason_cd_id,int,null
fc_entdata_gold,cdm_pos,fin_transaction_detail,till_id,int,null
fc_entdata_gold,cdm_pos,fin_transaction_detail,original_txn,int,null
fc_entdata_gold,cdm_pos,fin_transaction_detail,shift_num,int,null
fc_entdata_gold,cdm_pos,fin_transaction_detail,business_date_key,int,null
fc_entdata_gold,cdm_pos,fin_transaction_detail,event_start_date,date,null
fc_entdata_gold,cdm_pos,fin_transaction_detail,event_start_date_key,int,null
fc_entdata_gold,cdm_pos,fin_transaction_detail,event_start_time,timestamp,null
fc_entdata_gold,cdm_pos,fin_transaction_detail,event_start_time_key,int,null
fc_entdata_gold,cdm_pos,fin_transaction_detail,event_end_date,date,null
fc_entdata_gold,cdm_pos,fin_transaction_detail,event_end_date_key,int,null
fc_entdata_gold,cdm_pos,fin_transaction_detail,event_end_time,timestamp,null
fc_entdata_gold,cdm_pos,fin_transaction_detail,event_end_time_key,int,null
fc_entdata_gold,cdm_pos,fin_transaction_detail,receipt_date,date,null
fc_entdata_gold,cdm_pos,fin_transaction_detail,receipt_date_key,int,null
fc_entdata_gold,cdm_pos,fin_transaction_detail,receipt_time,timestamp,null
fc_entdata_gold,cdm_pos,fin_transaction_detail,receipt_time_key,int,null
fc_entdata_gold,cdm_pos,fin_transaction_detail,detail_amt,"decimal(25,4)",null
fc_entdata_gold,cdm_pos,fin_transaction_detail,payin_reason,string,null
fc_entdata_gold,cdm_pos,fin_transaction_detail,account_id,string,null
fc_entdata_gold,cdm_pos,fin_transaction_detail,safe_drop_type,string,null
fc_entdata_gold,cdm_pos,fin_transaction_detail,safe_number,int,null
fc_entdata_gold,cdm_pos,fin_transaction_detail,drop_number,int,null
fc_entdata_gold,cdm_pos,fin_transaction_detail,drop_envlp_id,string,null
fc_entdata_gold,cdm_pos,fin_transaction_detail,change_flag_value,string,null
fc_entdata_gold,cdm_pos,fin_transaction_detail,tender_cd,string,null
fc_entdata_gold,cdm_pos,fin_transaction_detail,tender_sub_cd,int,null
fc_entdata_gold,cdm_pos,fin_transaction_detail,tender_amt,"decimal(25,4)",null
fc_entdata_gold,cdm_pos,fin_transaction_detail,approval_ref_code,string,null
fc_entdata_gold,cdm_pos,fin_transaction_detail,auth_date,date,null
fc_entdata_gold,cdm_pos,fin_transaction_detail,auth_resp_code,string,null
fc_entdata_gold,cdm_pos,fin_transaction_detail,auth_time,timestamp,null
fc_entdata_gold,cdm_pos,fin_transaction_detail,auth_time_key,int,null
fc_entdata_gold,cdm_pos,fin_transaction_detail,auth_terminal_Id,string,null
fc_entdata_gold,cdm_pos,fin_transaction_detail,force_online_flag,string,null
fc_entdata_gold,cdm_pos,fin_transaction_detail,host_auth_flag,string,null
fc_entdata_gold,cdm_pos,fin_transaction_detail,pre_auth_flag,string,null
fc_entdata_gold,cdm_pos,fin_transaction_detail,auth_provider_id,string,null
fc_entdata_gold,cdm_pos,fin_transaction_detail,auth_ref_num,int,null
fc_entdata_gold,cdm_pos,fin_transaction_detail,auth_req_amt,"decimal(25,4)",null
fc_entdata_gold,cdm_pos,fin_transaction_detail,cashier_bypassed_flag,string,null
fc_entdata_gold,cdm_pos,fin_transaction_detail,cust_entry_mthd,string,null
fc_entdata_gold,cdm_pos,fin_transaction_detail,cust_prsnl_id,string,null
fc_entdata_gold,cdm_pos,fin_transaction_detail,cust_prsnl_id_type,string,null
fc_entdata_gold,cdm_pos,fin_transaction_detail,batch_num,int,null
fc_entdata_gold,cdm_pos,fin_transaction_detail,batch_seq_num,int,null
fc_entdata_gold,cdm_pos,fin_transaction_detail,src_filenm,string,null
fc_entdata_gold,cdm_pos,fin_transaction_detail,created_date,timestamp,null
fc_entdata_gold,cdm_pos,fin_transaction_detail,updated_date,timestamp,null
fc_entdata_gold,cdm_pos,fin_transaction_detail,created_by,string,null
fc_entdata_gold,cdm_pos,fin_transaction_detail,updated_by,string,null
fc_entdata_gold,cdm_pos,fin_transaction_detail,Catalog,fc_entdata_gold,
fc_entdata_gold,cdm_pos,fin_transaction_detail,Database,cdm_pos,
fc_entdata_gold,cdm_pos,fin_transaction_detail,Table,fin_transaction_detail,
fc_entdata_gold,cdm_pos,fin_transaction_detail,Created Time,Thu Jan 15 17:33:07 UTC 2026,
fc_entdata_gold,cdm_pos,fin_transaction_detail,Last Access,UNKNOWN,
fc_entdata_gold,cdm_pos,fin_transaction_detail,Created By,Spark ,
fc_entdata_gold,cdm_pos,fin_transaction_detail,Type,FOREIGN,
fc_entdata_gold,cdm_pos,fin_transaction_detail,Provider,databricks,
fc_entdata_gold,cdm_pos,fin_transaction_detail,Owner,omry7478@retailer.com,
fc_entdata_gold,cdm_pos,fin_transaction_detail,Table Properties,[],
fc_entdata_gold,cdm_pos,other_transaction_header,txn_key,string,null
fc_entdata_gold,cdm_pos,other_transaction_header,txn_type,string,null
fc_entdata_gold,cdm_pos,other_transaction_header,store_num,int,null
fc_entdata_gold,cdm_pos,other_transaction_header,addr,string,null
fc_entdata_gold,cdm_pos,other_transaction_header,city,string,null
fc_entdata_gold,cdm_pos,other_transaction_header,state,string,null
fc_entdata_gold,cdm_pos,other_transaction_header,business_date,date,null
fc_entdata_gold,cdm_pos,other_transaction_header,business_date_key,int,null
fc_entdata_gold,cdm_pos,other_transaction_header,event_start_date,date,null
fc_entdata_gold,cdm_pos,other_transaction_header,event_start_time,timestamp,null
fc_entdata_gold,cdm_pos,other_transaction_header,event_start_date_key,int,null
fc_entdata_gold,cdm_pos,other_transaction_header,event_start_time_key,int,null
fc_entdata_gold,cdm_pos,other_transaction_header,event_end_date,date,null
fc_entdata_gold,cdm_pos,other_transaction_header,event_end_time,timestamp,null
fc_entdata_gold,cdm_pos,other_transaction_header,event_event_time_key,int,null
fc_entdata_gold,cdm_pos,other_transaction_header,event_end_date_key,int,null
fc_entdata_gold,cdm_pos,other_transaction_header,register_id,int,null
fc_entdata_gold,cdm_pos,other_transaction_header,op_name,string,null
fc_entdata_gold,cdm_pos,other_transaction_header,op_key,string,null
fc_entdata_gold,cdm_pos,other_transaction_header,txn_id,string,null
fc_entdata_gold,cdm_pos,other_transaction_header,data_src,string,null
fc_entdata_gold,cdm_pos,other_transaction_header,data_src_key,int,null
fc_entdata_gold,cdm_pos,other_transaction_header,transaction_type_code,string,null
fc_entdata_gold,cdm_pos,other_transaction_header,CREATED_DATE,timestamp,null
fc_entdata_gold,cdm_pos,other_transaction_header,UPDATED_DATE,timestamp,null
fc_entdata_gold,cdm_pos,other_transaction_header,CREATED_BY,string,null
fc_entdata_gold,cdm_pos,other_transaction_header,UPDATED_BY,string,null
fc_entdata_gold,cdm_pos,other_transaction_header,src_filenm,string,null
fc_entdata_gold,cdm_pos,other_transaction_header,Catalog,fc_entdata_gold,
fc_entdata_gold,cdm_pos,other_transaction_header,Database,cdm_pos,
fc_entdata_gold,cdm_pos,other_transaction_header,Table,other_transaction_header,
fc_entdata_gold,cdm_pos,other_transaction_header,Created Time,Thu Jan 15 17:33:07 UTC 2026,
fc_entdata_gold,cdm_pos,other_transaction_header,Last Access,UNKNOWN,
fc_entdata_gold,cdm_pos,other_transaction_header,Created By,Spark ,
fc_entdata_gold,cdm_pos,other_transaction_header,Type,FOREIGN,
fc_entdata_gold,cdm_pos,other_transaction_header,Provider,databricks,
fc_entdata_gold,cdm_pos,other_transaction_header,Owner,omry7478@retailer.com,
fc_entdata_gold,cdm_pos,other_transaction_header,Table Properties,[],
fc_entdata_gold,cdm_pos,other_transaction_header_gk,txn_key,string,null
fc_entdata_gold,cdm_pos,other_transaction_header_gk,txn_id,string,null
fc_entdata_gold,cdm_pos,other_transaction_header_gk,store_num,int,null
fc_entdata_gold,cdm_pos,other_transaction_header_gk,store_banner,string,null
fc_entdata_gold,cdm_pos,other_transaction_header_gk,store_operator_key,bigint,null
fc_entdata_gold,cdm_pos,other_transaction_header_gk,txn_type,string,null
fc_entdata_gold,cdm_pos,other_transaction_header_gk,business_date,date,null
fc_entdata_gold,cdm_pos,other_transaction_header_gk,business_date_key,int,null
fc_entdata_gold,cdm_pos,other_transaction_header_gk,data_src_key,int,null
fc_entdata_gold,cdm_pos,other_transaction_header_gk,begin_date,date,null
fc_entdata_gold,cdm_pos,other_transaction_header_gk,begin_date_key,int,null
fc_entdata_gold,cdm_pos,other_transaction_header_gk,begin_time,timestamp,null
fc_entdata_gold,cdm_pos,other_transaction_header_gk,end_date,date,null
fc_entdata_gold,cdm_pos,other_transaction_header_gk,end_date_key,int,null
fc_entdata_gold,cdm_pos,other_transaction_header_gk,end_time,timestamp,null
fc_entdata_gold,cdm_pos,other_transaction_header_gk,event_seq_id,int,null
fc_entdata_gold,cdm_pos,other_transaction_header_gk,event_start_date,date,null
fc_entdata_gold,cdm_pos,other_transaction_header_gk,event_start_date_key,int,null
fc_entdata_gold,cdm_pos,other_transaction_header_gk,event_start_time,timestamp,null
fc_entdata_gold,cdm_pos,other_transaction_header_gk,event_end_date,date,null
fc_entdata_gold,cdm_pos,other_transaction_header_gk,event_end_date_key,int,null
fc_entdata_gold,cdm_pos,other_transaction_header_gk,event_end_time,timestamp,null
fc_entdata_gold,cdm_pos,other_transaction_header_gk,txn_count,int,null
fc_entdata_gold,cdm_pos,other_transaction_header_gk,till_id,int,null
fc_entdata_gold,cdm_pos,other_transaction_header_gk,training_mode_flag,string,null
fc_entdata_gold,cdm_pos,other_transaction_header_gk,register_id,int,null
fc_entdata_gold,cdm_pos,other_transaction_header_gk,offline_flag,string,null
fc_entdata_gold,cdm_pos,other_transaction_header_gk,cashier_id,bigint,null
fc_entdata_gold,cdm_pos,other_transaction_header_gk,nosale_date,timestamp,null
fc_entdata_gold,cdm_pos,other_transaction_header_gk,eodd_business_date,timestamp,null
fc_entdata_gold,cdm_pos,other_transaction_header_gk,operator_signoff_date,timestamp,null
fc_entdata_gold,cdm_pos,other_transaction_header_gk,operator_signon_date,timestamp,null
fc_entdata_gold,cdm_pos,other_transaction_header_gk,reason_code,int,null
fc_entdata_gold,cdm_pos,other_transaction_header_gk,account_operator_name,string,null
fc_entdata_gold,cdm_pos,other_transaction_header_gk,account_operator_value,int,null
fc_entdata_gold,cdm_pos,other_transaction_header_gk,transaction_type_code,string,null
fc_entdata_gold,cdm_pos,other_transaction_header_gk,transaction_category_code,string,null
fc_entdata_gold,cdm_pos,other_transaction_header_gk,end_date_timestamp_extension,timestamp,null
fc_entdata_gold,cdm_pos,other_transaction_header_gk,cashierstatistics_lineitemvoids_amt,"decimal(30,2)",null
fc_entdata_gold,cdm_pos,other_transaction_header_gk,cashierstatistics_lineitemvoids_count,int,null
fc_entdata_gold,cdm_pos,other_transaction_header_gk,cashierstatistics_posttransactionvoids_amt,"decimal(30,20)",null
fc_entdata_gold,cdm_pos,other_transaction_header_gk,cashierstatistics_posttransactionvoids_count,int,null
fc_entdata_gold,cdm_pos,other_transaction_header_gk,cashierstatistics_directlineitemvoids_amt,"decimal(30,2)",null
fc_entdata_gold,cdm_pos,other_transaction_header_gk,cashierstatistics_directlineitemvoids_count,int,null
fc_entdata_gold,cdm_pos,other_transaction_header_gk,cashierstatistics_transactioncancellations_amt,"decimal(30,2)",null
fc_entdata_gold,cdm_pos,other_transaction_header_gk,cashierstatistics_transactioncancellations_count,int,null
fc_entdata_gold,cdm_pos,other_transaction_header_gk,cashierstatistics_total_measures_lineitemopendepartmentcount,int,null
fc_entdata_gold,cdm_pos,other_transaction_header_gk,cashierstatistics_total_measures_lineitemscannedcount,int,null
fc_entdata_gold,cdm_pos,other_transaction_header_gk,cashierstatistics_total_measures_nosaletransactioncount,int,null
fc_entdata_gold,cdm_pos,other_transaction_header_gk,cashierstatistics_total_measures_registration_time,string,null
fc_entdata_gold,cdm_pos,other_transaction_header_gk,cashierstatistics_total_measures_tender_time,string,null
fc_entdata_gold,cdm_pos,other_transaction_header_gk,eodd_store_summary_sales_amt,"decimal(30,2)",null
fc_entdata_gold,cdm_pos,other_transaction_header_gk,eodd_store_summary_sales_count,int,null
fc_entdata_gold,cdm_pos,other_transaction_header_gk,eoddd_store_summary_refund_amt,"decimal(30,2)",null
fc_entdata_gold,cdm_pos,other_transaction_header_gk,eodd_store_summary_refund_count,int,null
fc_entdata_gold,cdm_pos,other_transaction_header_gk,eodd_store_summary_tax_sale_amt,"decimal(30,2)",null
fc_entdata_gold,cdm_pos,other_transaction_header_gk,eodd_store_summary_tax_sale_count,int,null
fc_entdata_gold,cdm_pos,other_transaction_header_gk,eodd_store_summary_tax_refund_amt,"decimal(30,2)",null
fc_entdata_gold,cdm_pos,other_transaction_header_gk,eodd_store_summary_tax_refund_count,int,null
fc_entdata_gold,cdm_pos,other_transaction_header_gk,eodd_till_sales_amt,"decimal(30,2)",null
fc_entdata_gold,cdm_pos,other_transaction_header_gk,eodd_till_sales_count,int,null
fc_entdata_gold,cdm_pos,other_transaction_header_gk,eodd_till_refund_amt,"decimal(30,2)",null
fc_entdata_gold,cdm_pos,other_transaction_header_gk,eodd_till_refund_count,int,null
fc_entdata_gold,cdm_pos,other_transaction_header_gk,eodd_till_tax_sale_amt,"decimal(30,2)",null
fc_entdata_gold,cdm_pos,other_transaction_header_gk,eodd_till_tax_sale_count,int,null
fc_entdata_gold,cdm_pos,other_transaction_header_gk,eodd_till_tax_refund_amt,"decimal(30,2)",null
fc_entdata_gold,cdm_pos,other_transaction_header_gk,eodd_till_tax_refund_count,int,null
fc_entdata_gold,cdm_pos,other_transaction_header_gk,eodd_till_beginning_tender_amt,"decimal(30,2)",null
fc_entdata_gold,cdm_pos,other_transaction_header_gk,eodd_till_over_tender_amt,"decimal(30,2)",null
fc_entdata_gold,cdm_pos,other_transaction_header_gk,eodd_till_over_tender_count,int,null
fc_entdata_gold,cdm_pos,other_transaction_header_gk,eodd_till_Pickup_tender_amt,"decimal(30,2)",null
fc_entdata_gold,cdm_pos,other_transaction_header_gk,eodd_till_ses_ending_tender_amt,"decimal(30,2)",null
fc_entdata_gold,cdm_pos,other_transaction_header_gk,eodd_till_ses_ending_tender_count,int,null
fc_entdata_gold,cdm_pos,other_transaction_header_gk,eodd_till_ses_nominal_tender_amt,"decimal(30,2)",null
fc_entdata_gold,cdm_pos,other_transaction_header_gk,eodd_till_ses_nominal_tender_count,int,null
fc_entdata_gold,cdm_pos,other_transaction_header_gk,eodd_till_ses_salestendernominal_tender_amt,"decimal(30,2)",null
fc_entdata_gold,cdm_pos,other_transaction_header_gk,eodd_till_ses_salestendernominal_tender_count,int,null
fc_entdata_gold,cdm_pos,other_transaction_header_gk,eodd_till_short_tender_amt,"decimal(30,2)",null
fc_entdata_gold,cdm_pos,other_transaction_header_gk,source_filename,string,null
fc_entdata_gold,cdm_pos,other_transaction_header_gk,ingest_time_stamp,timestamp,null
fc_entdata_gold,cdm_pos,other_transaction_header_gk,created_date,timestamp,null
fc_entdata_gold,cdm_pos,other_transaction_header_gk,updated_date,timestamp,null
fc_entdata_gold,cdm_pos,other_transaction_header_gk,created_by,string,null
fc_entdata_gold,cdm_pos,other_transaction_header_gk,updated_by,string,null
fc_entdata_gold,cdm_pos,other_transaction_header_gk,Catalog,fc_entdata_gold,
fc_entdata_gold,cdm_pos,other_transaction_header_gk,Database,cdm_pos,
fc_entdata_gold,cdm_pos,other_transaction_header_gk,Table,other_transaction_header_gk,
fc_entdata_gold,cdm_pos,other_transaction_header_gk,Created Time,Thu Jan 15 17:33:07 UTC 2026,
fc_entdata_gold,cdm_pos,other_transaction_header_gk,Last Access,UNKNOWN,
fc_entdata_gold,cdm_pos,other_transaction_header_gk,Created By,Spark ,
fc_entdata_gold,cdm_pos,other_transaction_header_gk,Type,FOREIGN,
fc_entdata_gold,cdm_pos,other_transaction_header_gk,Provider,databricks,
fc_entdata_gold,cdm_pos,other_transaction_header_gk,Owner,omry7478@retailer.com,
fc_entdata_gold,cdm_pos,other_transaction_header_gk,Table Properties,[],
fc_entdata_gold,cdm_pos,other_transaction_header_rpos,txn_key,string,null
fc_entdata_gold,cdm_pos,other_transaction_header_rpos,txn_id,bigint,null
fc_entdata_gold,cdm_pos,other_transaction_header_rpos,store_num,int,null
fc_entdata_gold,cdm_pos,other_transaction_header_rpos,store_banner,string,null
fc_entdata_gold,cdm_pos,other_transaction_header_rpos,store_operator_key,bigint,null
fc_entdata_gold,cdm_pos,other_transaction_header_rpos,cashier_id,string,null
fc_entdata_gold,cdm_pos,other_transaction_header_rpos,business_date,date,null
fc_entdata_gold,cdm_pos,other_transaction_header_rpos,business_date_key,int,null
fc_entdata_gold,cdm_pos,other_transaction_header_rpos,data_src,string,null
fc_entdata_gold,cdm_pos,other_transaction_header_rpos,data_src_key,int,null
fc_entdata_gold,cdm_pos,other_transaction_header_rpos,begin_date,date,null
fc_entdata_gold,cdm_pos,other_transaction_header_rpos,begin_date_key,int,null
fc_entdata_gold,cdm_pos,other_transaction_header_rpos,begin_time,timestamp,null
fc_entdata_gold,cdm_pos,other_transaction_header_rpos,end_date,date,null
fc_entdata_gold,cdm_pos,other_transaction_header_rpos,end_date_key,int,null
fc_entdata_gold,cdm_pos,other_transaction_header_rpos,end_time,timestamp,null
fc_entdata_gold,cdm_pos,other_transaction_header_rpos,event_seq_id,int,null
fc_entdata_gold,cdm_pos,other_transaction_header_rpos,event_start_date,date,null
fc_entdata_gold,cdm_pos,other_transaction_header_rpos,event_start_date_key,int,null
fc_entdata_gold,cdm_pos,other_transaction_header_rpos,event_start_time,timestamp,null
fc_entdata_gold,cdm_pos,other_transaction_header_rpos,event_end_date,date,null
fc_entdata_gold,cdm_pos,other_transaction_header_rpos,event_end_date_key,int,null
fc_entdata_gold,cdm_pos,other_transaction_header_rpos,event_end_time,timestamp,null
fc_entdata_gold,cdm_pos,other_transaction_header_rpos,approving_manager_id,bigint,null
fc_entdata_gold,cdm_pos,other_transaction_header_rpos,txn_count,int,null
fc_entdata_gold,cdm_pos,other_transaction_header_rpos,overriding_cashier_id,bigint,null
fc_entdata_gold,cdm_pos,other_transaction_header_rpos,cashier_detail_type,string,null
fc_entdata_gold,cdm_pos,other_transaction_header_rpos,register_detail_cash_in_drawer,"decimal(30,0)",null
fc_entdata_gold,cdm_pos,other_transaction_header_rpos,register_detail_type,string,null
fc_entdata_gold,cdm_pos,other_transaction_header_rpos,register_detail_foodstamp_in_drawer,int,null
fc_entdata_gold,cdm_pos,other_transaction_header_rpos,drawer_alarm_duration_detail,boolean,null
fc_entdata_gold,cdm_pos,other_transaction_header_rpos,shift_detail_type,string,null
fc_entdata_gold,cdm_pos,other_transaction_header_rpos,drawer_event_type,string,null
fc_entdata_gold,cdm_pos,other_transaction_header_rpos,update_revision,int,null
fc_entdata_gold,cdm_pos,other_transaction_header_rpos,till_id,int,null
fc_entdata_gold,cdm_pos,other_transaction_header_rpos,training_mode_flag_val,string,null
fc_entdata_gold,cdm_pos,other_transaction_header_rpos,shift_num,bigint,null
fc_entdata_gold,cdm_pos,other_transaction_header_rpos,suspend_flag_val,string,null
fc_entdata_gold,cdm_pos,other_transaction_header_rpos,register_id,int,null
fc_entdata_gold,cdm_pos,other_transaction_header_rpos,primary_report_period,date,null
fc_entdata_gold,cdm_pos,other_transaction_header_rpos,report_seq_num,int,null
fc_entdata_gold,cdm_pos,other_transaction_header_rpos,eodd_refund_non_sale_credit_qty,int,null
fc_entdata_gold,cdm_pos,other_transaction_header_rpos,eodd_non_sale_credit_amt,"decimal(30,2)",null
fc_entdata_gold,cdm_pos,other_transaction_header_rpos,eodd_refund_non_sale_debit_amt,"decimal(30,2)",null
fc_entdata_gold,cdm_pos,other_transaction_header_rpos,eodd_refund_discount_qty,int,null
fc_entdata_gold,cdm_pos,other_transaction_header_rpos,eodd_non_sale_credit_qty,int,null
fc_entdata_gold,cdm_pos,other_transaction_header_rpos,eodd_item_cancel_qty,int,null
fc_entdata_gold,cdm_pos,other_transaction_header_rpos,eodd_refund_item_gross_amt,"decimal(30,2)",null
fc_entdata_gold,cdm_pos,other_transaction_header_rpos,daydetail_detail_type,string,null
fc_entdata_gold,cdm_pos,other_transaction_header_rpos,eodd_item_gross_sold_amt,"decimal(30,2)",null
fc_entdata_gold,cdm_pos,other_transaction_header_rpos,eodd_gross_discount_qty,"decimal(30,2)",null
fc_entdata_gold,cdm_pos,other_transaction_header_rpos,eodd_item_cancel_amt,"decimal(30,2)",null
fc_entdata_gold,cdm_pos,other_transaction_header_rpos,eodd_drawer_loan_qty,int,null
fc_entdata_gold,cdm_pos,other_transaction_header_rpos,eodd_drawer_loan_amt,"decimal(30,2)",null
fc_entdata_gold,cdm_pos,other_transaction_header_rpos,eodd_drawer_pickup_amt,"decimal(30,2)",null
fc_entdata_gold,cdm_pos,other_transaction_header_rpos,eodd_payout_amt,"decimal(30,0)",null
fc_entdata_gold,cdm_pos,other_transaction_header_rpos,eodd_refund_tran_qty,int,null
fc_entdata_gold,cdm_pos,other_transaction_header_rpos,eodd_drawer_pickup_qty,int,null
fc_entdata_gold,cdm_pos,other_transaction_header_rpos,eodd_refund_vat_amt,"decimal(30,2)",null
fc_entdata_gold,cdm_pos,other_transaction_header_rpos,eodd_refund_nonsale_debit_qty,int,null
fc_entdata_gold,cdm_pos,other_transaction_header_rpos,eodd_gross_auto_detect_amt,"decimal(30,2)",null
fc_entdata_gold,cdm_pos,other_transaction_header_rpos,eodd_nonsale_debit_amt,"decimal(30,2)",null
fc_entdata_gold,cdm_pos,other_transaction_header_rpos,eodd_gross_auto_detect_qty,int,null
fc_entdata_gold,cdm_pos,other_transaction_header_rpos,eodd_refund_discount_amt,"decimal(30,2)",null
fc_entdata_gold,cdm_pos,other_transaction_header_rpos,eodd_refund_tax_amt,"decimal(30,2)",null
fc_entdata_gold,cdm_pos,other_transaction_header_rpos,eodd_nosale_count,int,null
fc_entdata_gold,cdm_pos,other_transaction_header_rpos,eodd_nonsale_debit_qty,int,null
fc_entdata_gold,cdm_pos,other_transaction_header_rpos,eodd_refund_nonsale_credit_amt,"decimal(30,0)",null
fc_entdata_gold,cdm_pos,other_transaction_header_rpos,eodd_txn_cancel_qty,int,null
fc_entdata_gold,cdm_pos,other_transaction_header_rpos,eodd_payout_qty,int,null
fc_entdata_gold,cdm_pos,other_transaction_header_rpos,eodd_gross_vat_amt,"decimal(30,0)",null
fc_entdata_gold,cdm_pos,other_transaction_header_rpos,eodd_refund_auto_detect_amt,"decimal(30,0)",null
fc_entdata_gold,cdm_pos,other_transaction_header_rpos,eodd_refund_auto_detect_qty,int,null
fc_entdata_gold,cdm_pos,other_transaction_header_rpos,eodd_gross_tax_amt,"decimal(30,0)",null
fc_entdata_gold,cdm_pos,other_transaction_header_rpos,eodd_txn_cancel_amt,"decimal(30,0)",null
fc_entdata_gold,cdm_pos,other_transaction_header_rpos,eodd_gross_txn_qty,int,null
fc_entdata_gold,cdm_pos,other_transaction_header_rpos,eodd_payin_amt,"decimal(30,0)",null
fc_entdata_gold,cdm_pos,other_transaction_header_rpos,eodd_gross_discount_amt,"decimal(30,0)",null
fc_entdata_gold,cdm_pos,other_transaction_header_rpos,eodd_payin_qty,int,null
fc_entdata_gold,cdm_pos,other_transaction_header_rpos,vendor_nm,string,null
fc_entdata_gold,cdm_pos,other_transaction_header_rpos,vendor_model_version,string,null
fc_entdata_gold,cdm_pos,other_transaction_header_rpos,src_filenm,string,null
fc_entdata_gold,cdm_pos,other_transaction_header_rpos,created_date,timestamp,null
fc_entdata_gold,cdm_pos,other_transaction_header_rpos,updated_date,timestamp,null
fc_entdata_gold,cdm_pos,other_transaction_header_rpos,created_by,string,null
fc_entdata_gold,cdm_pos,other_transaction_header_rpos,updated_by,string,null
fc_entdata_gold,cdm_pos,other_transaction_header_rpos,is_referred,string,null
fc_entdata_gold,cdm_pos,other_transaction_header_rpos,Catalog,fc_entdata_gold,
fc_entdata_gold,cdm_pos,other_transaction_header_rpos,Database,cdm_pos,
fc_entdata_gold,cdm_pos,other_transaction_header_rpos,Table,other_transaction_header_rpos,
fc_entdata_gold,cdm_pos,other_transaction_header_rpos,Created Time,Thu Jan 15 17:33:07 UTC 2026,
fc_entdata_gold,cdm_pos,other_transaction_header_rpos,Last Access,UNKNOWN,
fc_entdata_gold,cdm_pos,other_transaction_header_rpos,Created By,Spark ,
fc_entdata_gold,cdm_pos,other_transaction_header_rpos,Type,FOREIGN,
fc_entdata_gold,cdm_pos,other_transaction_header_rpos,Provider,databricks,
fc_entdata_gold,cdm_pos,other_transaction_header_rpos,Owner,omry7478@retailer.com,
fc_entdata_gold,cdm_pos,other_transaction_header_rpos,Table Properties,[],
fc_entdata_gold,cdm_pos,sale_promotions,item_key,bigint,null
fc_entdata_gold,cdm_pos,sale_promotions,store_key,int,null
fc_entdata_gold,cdm_pos,sale_promotions,business_date_key,int,null
fc_entdata_gold,cdm_pos,sale_promotions,discount_promo_code,int,null
fc_entdata_gold,cdm_pos,sale_promotions,Qty_Sold,"decimal(25,4)",null
fc_entdata_gold,cdm_pos,sale_promotions,sales_amt,"decimal(25,4)",null
fc_entdata_gold,cdm_pos,sale_promotions,Catalog,fc_entdata_gold,
fc_entdata_gold,cdm_pos,sale_promotions,Database,cdm_pos,
fc_entdata_gold,cdm_pos,sale_promotions,Table,sale_promotions,
fc_entdata_gold,cdm_pos,sale_promotions,Created Time,Thu Jan 15 17:33:07 UTC 2026,
fc_entdata_gold,cdm_pos,sale_promotions,Last Access,UNKNOWN,
fc_entdata_gold,cdm_pos,sale_promotions,Created By,Spark ,
fc_entdata_gold,cdm_pos,sale_promotions,Type,FOREIGN,
fc_entdata_gold,cdm_pos,sale_promotions,Provider,databricks,
fc_entdata_gold,cdm_pos,sale_promotions,Owner,omry7478@retailer.com,
fc_entdata_gold,cdm_pos,sale_promotions,Table Properties,[],
fc_entdata_gold,cdm_pos,sale_transaction_detail,txn_key,string,null
fc_entdata_gold,cdm_pos,sale_transaction_detail,txn_id,string,null
fc_entdata_gold,cdm_pos,sale_transaction_detail,txn_type,string,null
fc_entdata_gold,cdm_pos,sale_transaction_detail,store_num,int,null
fc_entdata_gold,cdm_pos,sale_transaction_detail,store_banner,string,null
fc_entdata_gold,cdm_pos,sale_transaction_detail,business_date,date,null
fc_entdata_gold,cdm_pos,sale_transaction_detail,detail_line_num,int,null
fc_entdata_gold,cdm_pos,sale_transaction_detail,item_key,bigint,null
fc_entdata_gold,cdm_pos,sale_transaction_detail,item_upc_key,bigint,null
fc_entdata_gold,cdm_pos,sale_transaction_detail,prd_type,string,null
fc_entdata_gold,cdm_pos,sale_transaction_detail,item_desc,string,null
fc_entdata_gold,cdm_pos,sale_transaction_detail,status,string,null
fc_entdata_gold,cdm_pos,sale_transaction_detail,actual_sale_price,"decimal(25,4)",null
fc_entdata_gold,cdm_pos,sale_transaction_detail,regular_sale_price,"decimal(25,4)",null
fc_entdata_gold,cdm_pos,sale_transaction_detail,sale_amt,"decimal(25,4)",null
fc_entdata_gold,cdm_pos,sale_transaction_detail,sale_qty,"decimal(25,4)",null
fc_entdata_gold,cdm_pos,sale_transaction_detail,sale_qty_uom,string,null
fc_entdata_gold,cdm_pos,sale_transaction_detail,prepay_sale_amt,"decimal(25,4)",null
fc_entdata_gold,cdm_pos,sale_transaction_detail,lottery_winning,"decimal(25,4)",null
fc_entdata_gold,cdm_pos,sale_transaction_detail,discount_amt,"decimal(25,4)",null
fc_entdata_gold,cdm_pos,sale_transaction_detail,discount_reasons,string,null
fc_entdata_gold,cdm_pos,sale_transaction_detail,adj_sale_amt,"decimal(25,4)",null
fc_entdata_gold,cdm_pos,sale_transaction_detail,target_line_num,int,null
fc_entdata_gold,cdm_pos,sale_transaction_detail,merch_hierarchy,string,null
fc_entdata_gold,cdm_pos,sale_transaction_detail,sales_restriction,string,null
fc_entdata_gold,cdm_pos,sale_transaction_detail,selling_units,int,null
fc_entdata_gold,cdm_pos,sale_transaction_detail,item_type_cd,string,null
fc_entdata_gold,cdm_pos,sale_transaction_detail,entry_method,string,null
fc_entdata_gold,cdm_pos,sale_transaction_detail,item_upc_cd,bigint,null
fc_entdata_gold,cdm_pos,sale_transaction_detail,poscd_format,string,null
fc_entdata_gold,cdm_pos,sale_transaction_detail,poscd_modifier_nm,string,null
fc_entdata_gold,cdm_pos,sale_transaction_detail,item_scan_mod,string,null
fc_entdata_gold,cdm_pos,sale_transaction_detail,grade_id,bigint,null
fc_entdata_gold,cdm_pos,sale_transaction_detail,position_id,int,null
fc_entdata_gold,cdm_pos,sale_transaction_detail,price_tier_cd,int,null
fc_entdata_gold,cdm_pos,sale_transaction_detail,service_level_cd,bigint,null
fc_entdata_gold,cdm_pos,sale_transaction_detail,time_tier_cd,string,null
fc_entdata_gold,cdm_pos,sale_transaction_detail,online_sale_flag,string,null
fc_entdata_gold,cdm_pos,sale_transaction_detail,outside_sale_flag,string,null
fc_entdata_gold,cdm_pos,sale_transaction_detail,fueling_dispense_end_date_time,timestamp,null
fc_entdata_gold,cdm_pos,sale_transaction_detail,fueling_dispense_start_date_time,timestamp,null
fc_entdata_gold,cdm_pos,sale_transaction_detail,fueling_handle_lift_date_time,timestamp,null
fc_entdata_gold,cdm_pos,sale_transaction_detail,fueling_handle_replace_date_time,timestamp,null
fc_entdata_gold,cdm_pos,sale_transaction_detail,fueling_end_reading_uom,string,null
fc_entdata_gold,cdm_pos,sale_transaction_detail,fueling_end_reading,float,null
fc_entdata_gold,cdm_pos,sale_transaction_detail,fueling_start_reading_uom,string,null
fc_entdata_gold,cdm_pos,sale_transaction_detail,fueling_start_reading,float,null
fc_entdata_gold,cdm_pos,sale_transaction_detail,begin_date,date,null
fc_entdata_gold,cdm_pos,sale_transaction_detail,begin_date_key,int,null
fc_entdata_gold,cdm_pos,sale_transaction_detail,begin_time,timestamp,null
fc_entdata_gold,cdm_pos,sale_transaction_detail,end_date,date,null
fc_entdata_gold,cdm_pos,sale_transaction_detail,end_date_key,int,null
fc_entdata_gold,cdm_pos,sale_transaction_detail,end_time,timestamp,null
fc_entdata_gold,cdm_pos,sale_transaction_detail,suspend_flag,string,null
fc_entdata_gold,cdm_pos,sale_transaction_detail,training_mode_flag,string,null
fc_entdata_gold,cdm_pos,sale_transaction_detail,tax_itemizer_mask,int,null
fc_entdata_gold,cdm_pos,sale_transaction_detail,business_date_key,int,null
fc_entdata_gold,cdm_pos,sale_transaction_detail,event_end_date,date,null
fc_entdata_gold,cdm_pos,sale_transaction_detail,event_end_date_key,int,null
fc_entdata_gold,cdm_pos,sale_transaction_detail,event_end_time,timestamp,null
fc_entdata_gold,cdm_pos,sale_transaction_detail,event_end_time_key,int,null
fc_entdata_gold,cdm_pos,sale_transaction_detail,event_seq_id,int,null
fc_entdata_gold,cdm_pos,sale_transaction_detail,event_start_date,date,null
fc_entdata_gold,cdm_pos,sale_transaction_detail,event_start_date_key,int,null
fc_entdata_gold,cdm_pos,sale_transaction_detail,event_start_time,timestamp,null
fc_entdata_gold,cdm_pos,sale_transaction_detail,event_start_time_key,int,null
fc_entdata_gold,cdm_pos,sale_transaction_detail,till_id,int,null
fc_entdata_gold,cdm_pos,sale_transaction_detail,fsaitem,string,null
fc_entdata_gold,cdm_pos,sale_transaction_detail,prohibit_food_stamp_flag,string,null
fc_entdata_gold,cdm_pos,sale_transaction_detail,cancellation_mode,string,null
fc_entdata_gold,cdm_pos,sale_transaction_detail,uuid,string,null
fc_entdata_gold,cdm_pos,sale_transaction_detail,price_override_approver_id,string,null
fc_entdata_gold,cdm_pos,sale_transaction_detail,og_txn_id,string,null
fc_entdata_gold,cdm_pos,sale_transaction_detail,og_business_date,date,null
fc_entdata_gold,cdm_pos,sale_transaction_detail,og_detail_line_num,int,null
fc_entdata_gold,cdm_pos,sale_transaction_detail,input_src,string,null
fc_entdata_gold,cdm_pos,sale_transaction_detail,sales_destination_id,int,null
fc_entdata_gold,cdm_pos,sale_transaction_detail,shift_num,bigint,null
fc_entdata_gold,cdm_pos,sale_transaction_detail,cashier_id,string,null
fc_entdata_gold,cdm_pos,sale_transaction_detail,overriding_cashier_id,string,null
fc_entdata_gold,cdm_pos,sale_transaction_detail,vndr_model_version,string,null
fc_entdata_gold,cdm_pos,sale_transaction_detail,vndr_nm,string,null
fc_entdata_gold,cdm_pos,sale_transaction_detail,invoice_type,string,null
fc_entdata_gold,cdm_pos,sale_transaction_detail,order_reference,string,null
fc_entdata_gold,cdm_pos,sale_transaction_detail,override_price,"decimal(25,4)",null
fc_entdata_gold,cdm_pos,sale_transaction_detail,override_price_reason,string,null
fc_entdata_gold,cdm_pos,sale_transaction_detail,src_filenm,string,null
fc_entdata_gold,cdm_pos,sale_transaction_detail,data_src,string,null
fc_entdata_gold,cdm_pos,sale_transaction_detail,data_src_key,string,null
fc_entdata_gold,cdm_pos,sale_transaction_detail,created_date,timestamp,null
fc_entdata_gold,cdm_pos,sale_transaction_detail,updated_date,timestamp,null
fc_entdata_gold,cdm_pos,sale_transaction_detail,created_by,string,null
fc_entdata_gold,cdm_pos,sale_transaction_detail,updated_by,string,null
fc_entdata_gold,cdm_pos,sale_transaction_detail,Catalog,fc_entdata_gold,
fc_entdata_gold,cdm_pos,sale_transaction_detail,Database,cdm_pos,
fc_entdata_gold,cdm_pos,sale_transaction_detail,Table,sale_transaction_detail,
fc_entdata_gold,cdm_pos,sale_transaction_detail,Created Time,Thu Jan 15 17:33:07 UTC 2026,
fc_entdata_gold,cdm_pos,sale_transaction_detail,Last Access,UNKNOWN,
fc_entdata_gold,cdm_pos,sale_transaction_detail,Created By,Spark ,
fc_entdata_gold,cdm_pos,sale_transaction_detail,Type,FOREIGN,
fc_entdata_gold,cdm_pos,sale_transaction_detail,Provider,databricks,
fc_entdata_gold,cdm_pos,sale_transaction_detail,Owner,omry7478@retailer.com,
fc_entdata_gold,cdm_pos,sale_transaction_detail,Table Properties,[],
fc_entdata_gold,cdm_pos,sale_transaction_discount,txn_key,string,null
fc_entdata_gold,cdm_pos,sale_transaction_discount,txn_id,string,null
fc_entdata_gold,cdm_pos,sale_transaction_discount,store_num,int,null
fc_entdata_gold,cdm_pos,sale_transaction_discount,business_date,date,null
fc_entdata_gold,cdm_pos,sale_transaction_discount,data_src,string,null
fc_entdata_gold,cdm_pos,sale_transaction_discount,data_src_key,int,null
fc_entdata_gold,cdm_pos,sale_transaction_discount,txn_type,string,null
fc_entdata_gold,cdm_pos,sale_transaction_discount,store_banner,string,null
fc_entdata_gold,cdm_pos,sale_transaction_discount,target_line_num,int,null
fc_entdata_gold,cdm_pos,sale_transaction_discount,detail_line_num,int,null
fc_entdata_gold,cdm_pos,sale_transaction_discount,discount_qty,double,null
fc_entdata_gold,cdm_pos,sale_transaction_discount,discount_amt,"decimal(25,4)",null
fc_entdata_gold,cdm_pos,sale_transaction_discount,discount_reasons,string,null
fc_entdata_gold,cdm_pos,sale_transaction_discount,discount_id_type,string,null
fc_entdata_gold,cdm_pos,sale_transaction_discount,discount_id,string,null
fc_entdata_gold,cdm_pos,sale_transaction_discount,discount_promo_code,int,null
fc_entdata_gold,cdm_pos,sale_transaction_discount,overriding_cashier_id,string,null
fc_entdata_gold,cdm_pos,sale_transaction_discount,fuel_price_rollback_amt_type,string,null
fc_entdata_gold,cdm_pos,sale_transaction_discount,fuel_price_rollback_amt_discount_total,"decimal(25,4)",null
fc_entdata_gold,cdm_pos,sale_transaction_discount,fuel_price_rollback_amt,"decimal(25,4)",null
fc_entdata_gold,cdm_pos,sale_transaction_discount,fuel_discount_reason,string,null
fc_entdata_gold,cdm_pos,sale_transaction_discount,approving_mgr_id,string,null
fc_entdata_gold,cdm_pos,sale_transaction_discount,discount_part,string,null
fc_entdata_gold,cdm_pos,sale_transaction_discount,discount_trigger_line,string,null
fc_entdata_gold,cdm_pos,sale_transaction_discount,business_date_key,int,null
fc_entdata_gold,cdm_pos,sale_transaction_discount,created_date,timestamp,null
fc_entdata_gold,cdm_pos,sale_transaction_discount,updated_date,timestamp,null
fc_entdata_gold,cdm_pos,sale_transaction_discount,created_by,string,null
fc_entdata_gold,cdm_pos,sale_transaction_discount,updated_by,string,null
fc_entdata_gold,cdm_pos,sale_transaction_discount,reason_code,string,null
fc_entdata_gold,cdm_pos,sale_transaction_discount,discount_name,string,null
fc_entdata_gold,cdm_pos,sale_transaction_discount,Catalog,fc_entdata_gold,
fc_entdata_gold,cdm_pos,sale_transaction_discount,Database,cdm_pos,
fc_entdata_gold,cdm_pos,sale_transaction_discount,Table,sale_transaction_discount,
fc_entdata_gold,cdm_pos,sale_transaction_discount,Created Time,Thu Jan 15 17:33:07 UTC 2026,
fc_entdata_gold,cdm_pos,sale_transaction_discount,Last Access,UNKNOWN,
fc_entdata_gold,cdm_pos,sale_transaction_discount,Created By,Spark ,
fc_entdata_gold,cdm_pos,sale_transaction_discount,Type,FOREIGN,
fc_entdata_gold,cdm_pos,sale_transaction_discount,Provider,databricks,
fc_entdata_gold,cdm_pos,sale_transaction_discount,Owner,omry7478@retailer.com,
fc_entdata_gold,cdm_pos,sale_transaction_discount,Table Properties,[],
fc_entdata_gold,cdm_pos,sale_transaction_header,txn_key,string,null
fc_entdata_gold,cdm_pos,sale_transaction_header,txn_id,string,null
fc_entdata_gold,cdm_pos,sale_transaction_header,og_txn_id,string,null
fc_entdata_gold,cdm_pos,sale_transaction_header,store_num,int,null
fc_entdata_gold,cdm_pos,sale_transaction_header,business_date,date,null
fc_entdata_gold,cdm_pos,sale_transaction_header,data_src,string,null
fc_entdata_gold,cdm_pos,sale_transaction_header,data_src_key,int,null
fc_entdata_gold,cdm_pos,sale_transaction_header,txn_type,string,null
fc_entdata_gold,cdm_pos,sale_transaction_header,store_banner,string,null
fc_entdata_gold,cdm_pos,sale_transaction_header,total_gross_amt,"decimal(25,4)",null
fc_entdata_gold,cdm_pos,sale_transaction_header,total_net_amt,"decimal(25,4)",null
fc_entdata_gold,cdm_pos,sale_transaction_header,total_tax_amt,"decimal(25,4)",null
fc_entdata_gold,cdm_pos,sale_transaction_header,discount_amt,"decimal(25,4)",null
fc_entdata_gold,cdm_pos,sale_transaction_header,sub_total,"decimal(25,4)",null
fc_entdata_gold,cdm_pos,sale_transaction_header,age_verification_flag,string,null
fc_entdata_gold,cdm_pos,sale_transaction_header,cust_id,string,null
fc_entdata_gold,cdm_pos,sale_transaction_header,store_operator_key,bigint,null
fc_entdata_gold,cdm_pos,sale_transaction_header,online_sale_flag,string,null
fc_entdata_gold,cdm_pos,sale_transaction_header,retailer_rewards_flag,int,null
fc_entdata_gold,cdm_pos,sale_transaction_header,loyalty_txn_flag,string,null
fc_entdata_gold,cdm_pos,sale_transaction_header,outside_sale_flag,string,null
fc_entdata_gold,cdm_pos,sale_transaction_header,suspend_flag,string,null
fc_entdata_gold,cdm_pos,sale_transaction_header,training_mode_flag,string,null
fc_entdata_gold,cdm_pos,sale_transaction_header,cashier_id,string,null
fc_entdata_gold,cdm_pos,sale_transaction_header,business_date_key,int,null
fc_entdata_gold,cdm_pos,sale_transaction_header,event_end_date,date,null
fc_entdata_gold,cdm_pos,sale_transaction_header,event_end_date_key,int,null
fc_entdata_gold,cdm_pos,sale_transaction_header,event_end_time,timestamp,null
fc_entdata_gold,cdm_pos,sale_transaction_header,event_end_time_key,int,null
fc_entdata_gold,cdm_pos,sale_transaction_header,event_seq_id,int,null
fc_entdata_gold,cdm_pos,sale_transaction_header,event_start_date,date,null
fc_entdata_gold,cdm_pos,sale_transaction_header,event_start_date_key,int,null
fc_entdata_gold,cdm_pos,sale_transaction_header,event_start_time,timestamp,null
fc_entdata_gold,cdm_pos,sale_transaction_header,event_start_time_key,int,null
fc_entdata_gold,cdm_pos,sale_transaction_header,receipt_date,date,null
fc_entdata_gold,cdm_pos,sale_transaction_header,receipt_date_key,int,null
fc_entdata_gold,cdm_pos,sale_transaction_header,receipt_time,timestamp,null
fc_entdata_gold,cdm_pos,sale_transaction_header,receipt_time_key,int,null
fc_entdata_gold,cdm_pos,sale_transaction_header,register_id,int,null
fc_entdata_gold,cdm_pos,sale_transaction_header,till_id,int,null
fc_entdata_gold,cdm_pos,sale_transaction_header,uuid,string,null
fc_entdata_gold,cdm_pos,sale_transaction_header,input_src,string,null
fc_entdata_gold,cdm_pos,sale_transaction_header,shift_num,bigint,null
fc_entdata_gold,cdm_pos,sale_transaction_header,created_date,timestamp,null
fc_entdata_gold,cdm_pos,sale_transaction_header,updated_date,timestamp,null
fc_entdata_gold,cdm_pos,sale_transaction_header,created_by,string,null
fc_entdata_gold,cdm_pos,sale_transaction_header,updated_by,string,null
fc_entdata_gold,cdm_pos,sale_transaction_header,Catalog,fc_entdata_gold,
fc_entdata_gold,cdm_pos,sale_transaction_header,Database,cdm_pos,
fc_entdata_gold,cdm_pos,sale_transaction_header,Table,sale_transaction_header,
fc_entdata_gold,cdm_pos,sale_transaction_header,Created Time,Thu Jan 15 17:33:07 UTC 2026,
fc_entdata_gold,cdm_pos,sale_transaction_header,Last Access,UNKNOWN,
fc_entdata_gold,cdm_pos,sale_transaction_header,Created By,Spark ,
fc_entdata_gold,cdm_pos,sale_transaction_header,Type,FOREIGN,
fc_entdata_gold,cdm_pos,sale_transaction_header,Provider,databricks,
fc_entdata_gold,cdm_pos,sale_transaction_header,Owner,omry7478@retailer.com,
fc_entdata_gold,cdm_pos,sale_transaction_header,Table Properties,[],
fc_entdata_gold,cdm_pos,sale_transaction_header_drift_metrics,window,varchar(255),null
fc_entdata_gold,cdm_pos,sale_transaction_header_drift_metrics,granularity,string,null
fc_entdata_gold,cdm_pos,sale_transaction_header_drift_metrics,monitor_version,bigint,null
fc_entdata_gold,cdm_pos,sale_transaction_header_drift_metrics,slice_key,string,null
fc_entdata_gold,cdm_pos,sale_transaction_header_drift_metrics,slice_value,string,null
fc_entdata_gold,cdm_pos,sale_transaction_header_drift_metrics,column_name,string,null
fc_entdata_gold,cdm_pos,sale_transaction_header_drift_metrics,data_type,string,null
fc_entdata_gold,cdm_pos,sale_transaction_header_drift_metrics,window_cmp,varchar(255),null
fc_entdata_gold,cdm_pos,sale_transaction_header_drift_metrics,drift_type,string,null
fc_entdata_gold,cdm_pos,sale_transaction_header_drift_metrics,count_delta,bigint,null
fc_entdata_gold,cdm_pos,sale_transaction_header_drift_metrics,avg_delta,double,null
fc_entdata_gold,cdm_pos,sale_transaction_header_drift_metrics,percent_null_delta,double,null
fc_entdata_gold,cdm_pos,sale_transaction_header_drift_metrics,percent_zeros_delta,double,null
fc_entdata_gold,cdm_pos,sale_transaction_header_drift_metrics,percent_distinct_delta,double,null
fc_entdata_gold,cdm_pos,sale_transaction_header_drift_metrics,non_null_columns_delta,varchar(255),null
fc_entdata_gold,cdm_pos,sale_transaction_header_drift_metrics,js_distance,double,null
fc_entdata_gold,cdm_pos,sale_transaction_header_drift_metrics,ks_test,varchar(255),null
fc_entdata_gold,cdm_pos,sale_transaction_header_drift_metrics,wasserstein_distance,double,null
fc_entdata_gold,cdm_pos,sale_transaction_header_drift_metrics,population_stability_index,double,null
fc_entdata_gold,cdm_pos,sale_transaction_header_drift_metrics,chi_squared_test,varchar(255),null
fc_entdata_gold,cdm_pos,sale_transaction_header_drift_metrics,tv_distance,double,null
fc_entdata_gold,cdm_pos,sale_transaction_header_drift_metrics,l_infinity_distance,double,null
fc_entdata_gold,cdm_pos,sale_transaction_header_drift_metrics,Catalog,fc_entdata_gold,
fc_entdata_gold,cdm_pos,sale_transaction_header_drift_metrics,Database,cdm_pos,
fc_entdata_gold,cdm_pos,sale_transaction_header_drift_metrics,Table,sale_transaction_header_drift_metrics,
fc_entdata_gold,cdm_pos,sale_transaction_header_drift_metrics,Created Time,Thu Jan 15 17:33:07 UTC 2026,
fc_entdata_gold,cdm_pos,sale_transaction_header_drift_metrics,Last Access,UNKNOWN,
fc_entdata_gold,cdm_pos,sale_transaction_header_drift_metrics,Created By,Spark ,
fc_entdata_gold,cdm_pos,sale_transaction_header_drift_metrics,Type,FOREIGN,
fc_entdata_gold,cdm_pos,sale_transaction_header_drift_metrics,Provider,databricks,
fc_entdata_gold,cdm_pos,sale_transaction_header_drift_metrics,Owner,omry7478@retailer.com,
fc_entdata_gold,cdm_pos,sale_transaction_header_drift_metrics,Table Properties,[],
fc_entdata_gold,cdm_pos,sale_transaction_header_profile_metrics,window,varchar(255),null
fc_entdata_gold,cdm_pos,sale_transaction_header_profile_metrics,log_type,string,null
fc_entdata_gold,cdm_pos,sale_transaction_header_profile_metrics,logging_table_commit_version,int,null
fc_entdata_gold,cdm_pos,sale_transaction_header_profile_metrics,monitor_version,bigint,null
fc_entdata_gold,cdm_pos,sale_transaction_header_profile_metrics,granularity,string,null
fc_entdata_gold,cdm_pos,sale_transaction_header_profile_metrics,slice_key,string,null
fc_entdata_gold,cdm_pos,sale_transaction_header_profile_metrics,slice_value,string,null
fc_entdata_gold,cdm_pos,sale_transaction_header_profile_metrics,column_name,string,null
fc_entdata_gold,cdm_pos,sale_transaction_header_profile_metrics,count,bigint,null
fc_entdata_gold,cdm_pos,sale_transaction_header_profile_metrics,data_type,string,null
fc_entdata_gold,cdm_pos,sale_transaction_header_profile_metrics,num_nulls,bigint,null
fc_entdata_gold,cdm_pos,sale_transaction_header_profile_metrics,avg,double,null
fc_entdata_gold,cdm_pos,sale_transaction_header_profile_metrics,quantiles,varchar(255),null
fc_entdata_gold,cdm_pos,sale_transaction_header_profile_metrics,min,double,null
fc_entdata_gold,cdm_pos,sale_transaction_header_profile_metrics,max,double,null
fc_entdata_gold,cdm_pos,sale_transaction_header_profile_metrics,stddev,double,null
fc_entdata_gold,cdm_pos,sale_transaction_header_profile_metrics,num_zeros,bigint,null
fc_entdata_gold,cdm_pos,sale_transaction_header_profile_metrics,num_nan,bigint,null
fc_entdata_gold,cdm_pos,sale_transaction_header_profile_metrics,min_length,double,null
fc_entdata_gold,cdm_pos,sale_transaction_header_profile_metrics,max_length,double,null
fc_entdata_gold,cdm_pos,sale_transaction_header_profile_metrics,avg_length,double,null
fc_entdata_gold,cdm_pos,sale_transaction_header_profile_metrics,non_null_columns,varchar(255),null
fc_entdata_gold,cdm_pos,sale_transaction_header_profile_metrics,frequent_items,varchar(255),null
fc_entdata_gold,cdm_pos,sale_transaction_header_profile_metrics,median,double,null
fc_entdata_gold,cdm_pos,sale_transaction_header_profile_metrics,distinct_count,bigint,null
fc_entdata_gold,cdm_pos,sale_transaction_header_profile_metrics,percent_nan,double,null
fc_entdata_gold,cdm_pos,sale_transaction_header_profile_metrics,percent_null,double,null
fc_entdata_gold,cdm_pos,sale_transaction_header_profile_metrics,percent_zeros,double,null
fc_entdata_gold,cdm_pos,sale_transaction_header_profile_metrics,percent_distinct,double,null
fc_entdata_gold,cdm_pos,sale_transaction_header_profile_metrics,Catalog,fc_entdata_gold,
fc_entdata_gold,cdm_pos,sale_transaction_header_profile_metrics,Database,cdm_pos,
fc_entdata_gold,cdm_pos,sale_transaction_header_profile_metrics,Table,sale_transaction_header_profile_metrics,
fc_entdata_gold,cdm_pos,sale_transaction_header_profile_metrics,Created Time,Thu Jan 15 17:33:07 UTC 2026,
fc_entdata_gold,cdm_pos,sale_transaction_header_profile_metrics,Last Access,UNKNOWN,
fc_entdata_gold,cdm_pos,sale_transaction_header_profile_metrics,Created By,Spark ,
fc_entdata_gold,cdm_pos,sale_transaction_header_profile_metrics,Type,FOREIGN,
fc_entdata_gold,cdm_pos,sale_transaction_header_profile_metrics,Provider,databricks,
fc_entdata_gold,cdm_pos,sale_transaction_header_profile_metrics,Owner,omry7478@retailer.com,
fc_entdata_gold,cdm_pos,sale_transaction_header_profile_metrics,Table Properties,[],
fc_entdata_gold,cdm_pos,sale_transaction_receipt,txn_key,string,null
fc_entdata_gold,cdm_pos,sale_transaction_receipt,txn_id,string,null
fc_entdata_gold,cdm_pos,sale_transaction_receipt,store_num,int,null
fc_entdata_gold,cdm_pos,sale_transaction_receipt,business_date,date,null
fc_entdata_gold,cdm_pos,sale_transaction_receipt,store_banner,string,null
fc_entdata_gold,cdm_pos,sale_transaction_receipt,total_gross_amt,"decimal(25,4)",null
fc_entdata_gold,cdm_pos,sale_transaction_receipt,total_net_amt,"decimal(25,4)",null
fc_entdata_gold,cdm_pos,sale_transaction_receipt,total_tax_amt,"decimal(25,4)",null
fc_entdata_gold,cdm_pos,sale_transaction_receipt,sub_total,"decimal(25,4)",null
fc_entdata_gold,cdm_pos,sale_transaction_receipt,event_start_time,timestamp,null
fc_entdata_gold,cdm_pos,sale_transaction_receipt,event_end_time,timestamp,null
fc_entdata_gold,cdm_pos,sale_transaction_receipt,receipt_time,timestamp,null
fc_entdata_gold,cdm_pos,sale_transaction_receipt,register_id,int,null
fc_entdata_gold,cdm_pos,sale_transaction_receipt,data_src_key,int,null
fc_entdata_gold,cdm_pos,sale_transaction_receipt,data_src,string,null
fc_entdata_gold,cdm_pos,sale_transaction_receipt,rec_type,string,null
fc_entdata_gold,cdm_pos,sale_transaction_receipt,line_num,string,null
fc_entdata_gold,cdm_pos,sale_transaction_receipt,prd_type,string,null
fc_entdata_gold,cdm_pos,sale_transaction_receipt,actual_sales_prc,"decimal(25,4)",null
fc_entdata_gold,cdm_pos,sale_transaction_receipt,regular_sales_prc,"decimal(25,4)",null
fc_entdata_gold,cdm_pos,sale_transaction_receipt,sales_qty,"decimal(25,4)",null
fc_entdata_gold,cdm_pos,sale_transaction_receipt,line_amt,"decimal(25,4)",null
fc_entdata_gold,cdm_pos,sale_transaction_receipt,sales_qty_uom,string,null
fc_entdata_gold,cdm_pos,sale_transaction_receipt,selling_units,int,null
fc_entdata_gold,cdm_pos,sale_transaction_receipt,item_type_cd,string,null
fc_entdata_gold,cdm_pos,sale_transaction_receipt,line_desc,string,null
fc_entdata_gold,cdm_pos,sale_transaction_receipt,item_upc_cd,bigint,null
fc_entdata_gold,cdm_pos,sale_transaction_receipt,grade_id,bigint,null
fc_entdata_gold,cdm_pos,sale_transaction_receipt,position_id,int,null
fc_entdata_gold,cdm_pos,sale_transaction_receipt,discnt_amt,"decimal(25,4)",null
fc_entdata_gold,cdm_pos,sale_transaction_receipt,discnt_reason,string,null
fc_entdata_gold,cdm_pos,sale_transaction_receipt,override_prc,"decimal(25,4)",null
fc_entdata_gold,cdm_pos,sale_transaction_receipt,override_prc_reason,string,null
fc_entdata_gold,cdm_pos,sale_transaction_receipt,cancellation_mode,string,null
fc_entdata_gold,cdm_pos,sale_transaction_receipt,orgnl_tax_itemizer_mask,float,null
fc_entdata_gold,cdm_pos,sale_transaction_receipt,loyalty_id,varchar(255),null
fc_entdata_gold,cdm_pos,sale_transaction_receipt,card_num,string,null
fc_entdata_gold,cdm_pos,sale_transaction_receipt,card_ctgry,string,null
fc_entdata_gold,cdm_pos,sale_transaction_receipt,card_provider,string,null
fc_entdata_gold,cdm_pos,sale_transaction_receipt,tender_cd,string,null
fc_entdata_gold,cdm_pos,sale_transaction_receipt,tender_sub_cd,string,null
fc_entdata_gold,cdm_pos,sale_transaction_receipt,change_flag_val,boolean,null
fc_entdata_gold,cdm_pos,sale_transaction_receipt,target_line_num,int,null
fc_entdata_gold,cdm_pos,sale_transaction_receipt,tax_level_id,bigint,null
fc_entdata_gold,cdm_pos,sale_transaction_receipt,Catalog,fc_entdata_gold,
fc_entdata_gold,cdm_pos,sale_transaction_receipt,Database,cdm_pos,
fc_entdata_gold,cdm_pos,sale_transaction_receipt,Table,sale_transaction_receipt,
fc_entdata_gold,cdm_pos,sale_transaction_receipt,Created Time,Thu Jan 15 17:33:07 UTC 2026,
fc_entdata_gold,cdm_pos,sale_transaction_receipt,Last Access,UNKNOWN,
fc_entdata_gold,cdm_pos,sale_transaction_receipt,Created By,Spark ,
fc_entdata_gold,cdm_pos,sale_transaction_receipt,Type,FOREIGN,
fc_entdata_gold,cdm_pos,sale_transaction_receipt,Provider,databricks,
fc_entdata_gold,cdm_pos,sale_transaction_receipt,Owner,omry7478@retailer.com,
fc_entdata_gold,cdm_pos,sale_transaction_receipt,Table Properties,[],
fc_entdata_gold,cdm_pos,sale_transaction_tax,txn_key,string,null
fc_entdata_gold,cdm_pos,sale_transaction_tax,txn_id,string,null
fc_entdata_gold,cdm_pos,sale_transaction_tax,store_num,int,null
fc_entdata_gold,cdm_pos,sale_transaction_tax,line_num,int,null
fc_entdata_gold,cdm_pos,sale_transaction_tax,tax_level_id,bigint,null
fc_entdata_gold,cdm_pos,sale_transaction_tax,store_banner,string,null
fc_entdata_gold,cdm_pos,sale_transaction_tax,business_date,date,null
fc_entdata_gold,cdm_pos,sale_transaction_tax,business_date_key,int,null
fc_entdata_gold,cdm_pos,sale_transaction_tax,tax_rate,float,null
fc_entdata_gold,cdm_pos,sale_transaction_tax,tax_authority,int,null
fc_entdata_gold,cdm_pos,sale_transaction_tax,data_src,string,null
fc_entdata_gold,cdm_pos,sale_transaction_tax,data_src_key,int,null
fc_entdata_gold,cdm_pos,sale_transaction_tax,tax_collected_amt,"decimal(25,4)",null
fc_entdata_gold,cdm_pos,sale_transaction_tax,taxable_sale_amt,"decimal(25,4)",null
fc_entdata_gold,cdm_pos,sale_transaction_tax,created_date,timestamp,null
fc_entdata_gold,cdm_pos,sale_transaction_tax,updated_date,timestamp,null
fc_entdata_gold,cdm_pos,sale_transaction_tax,created_by,string,null
fc_entdata_gold,cdm_pos,sale_transaction_tax,updated_by,string,null
fc_entdata_gold,cdm_pos,sale_transaction_tax,Catalog,fc_entdata_gold,
fc_entdata_gold,cdm_pos,sale_transaction_tax,Database,cdm_pos,
fc_entdata_gold,cdm_pos,sale_transaction_tax,Table,sale_transaction_tax,
fc_entdata_gold,cdm_pos,sale_transaction_tax,Created Time,Thu Jan 15 17:33:07 UTC 2026,
fc_entdata_gold,cdm_pos,sale_transaction_tax,Last Access,UNKNOWN,
fc_entdata_gold,cdm_pos,sale_transaction_tax,Created By,Spark ,
fc_entdata_gold,cdm_pos,sale_transaction_tax,Type,FOREIGN,
fc_entdata_gold,cdm_pos,sale_transaction_tax,Provider,databricks,
fc_entdata_gold,cdm_pos,sale_transaction_tax,Owner,omry7478@retailer.com,
fc_entdata_gold,cdm_pos,sale_transaction_tax,Table Properties,[],
fc_entdata_gold,cdm_pos,sale_transaction_tender,txn_key,string,null
fc_entdata_gold,cdm_pos,sale_transaction_tender,txn_id,string,null
fc_entdata_gold,cdm_pos,sale_transaction_tender,store_num,int,null
fc_entdata_gold,cdm_pos,sale_transaction_tender,store_banner,string,null
fc_entdata_gold,cdm_pos,sale_transaction_tender,line_num,int,null
fc_entdata_gold,cdm_pos,sale_transaction_tender,tender_cd,string,null
fc_entdata_gold,cdm_pos,sale_transaction_tender,tender_sub_cd,string,null
fc_entdata_gold,cdm_pos,sale_transaction_tender,tender_code_key,int,null
fc_entdata_gold,cdm_pos,sale_transaction_tender,tender_subcode_key,int,null
fc_entdata_gold,cdm_pos,sale_transaction_tender,business_date,date,null
fc_entdata_gold,cdm_pos,sale_transaction_tender,business_date_key,int,null
fc_entdata_gold,cdm_pos,sale_transaction_tender,data_src,string,null
fc_entdata_gold,cdm_pos,sale_transaction_tender,data_src_key,int,null
fc_entdata_gold,cdm_pos,sale_transaction_tender,txn_date,date,null
fc_entdata_gold,cdm_pos,sale_transaction_tender,till_id,int,null
fc_entdata_gold,cdm_pos,sale_transaction_tender,change_flag_val,boolean,null
fc_entdata_gold,cdm_pos,sale_transaction_tender,tender_amt,"decimal(25,4)",null
fc_entdata_gold,cdm_pos,sale_transaction_tender,loyalty_id,bigint,null
fc_entdata_gold,cdm_pos,sale_transaction_tender,card_num,string,null
fc_entdata_gold,cdm_pos,sale_transaction_tender,card_num_f6l4,string,null
fc_entdata_gold,cdm_pos,sale_transaction_tender,card_num_token,string,null
fc_entdata_gold,cdm_pos,sale_transaction_tender,odometer_reading_val,int,null
fc_entdata_gold,cdm_pos,sale_transaction_tender,approval_reference_cd,string,null
fc_entdata_gold,cdm_pos,sale_transaction_tender,authorization_date,date,null
fc_entdata_gold,cdm_pos,sale_transaction_tender,authorization_date_key,int,null
fc_entdata_gold,cdm_pos,sale_transaction_tender,authorization_response_cd,string,null
fc_entdata_gold,cdm_pos,sale_transaction_tender,authorization_time,timestamp,null
fc_entdata_gold,cdm_pos,sale_transaction_tender,authorization_time_key,int,null
fc_entdata_gold,cdm_pos,sale_transaction_tender,authorizing_terminal_id,string,null
fc_entdata_gold,cdm_pos,sale_transaction_tender,provider_id,string,null
fc_entdata_gold,cdm_pos,sale_transaction_tender,reference_num,bigint,null
fc_entdata_gold,cdm_pos,sale_transaction_tender,requested_amt,"decimal(25,4)",null
fc_entdata_gold,cdm_pos,sale_transaction_tender,authorized_charge_amt,float,null
fc_entdata_gold,cdm_pos,sale_transaction_tender,pre_authorization_flag_val,string,null
fc_entdata_gold,cdm_pos,sale_transaction_tender,event_type,string,null
fc_entdata_gold,cdm_pos,sale_transaction_tender,force_online_flag_val,string,null
fc_entdata_gold,cdm_pos,sale_transaction_tender,host_authorized_flag_val,string,null
fc_entdata_gold,cdm_pos,sale_transaction_tender,host_reference_num,int,null
fc_entdata_gold,cdm_pos,sale_transaction_tender,host_response_cd,string,null
fc_entdata_gold,cdm_pos,sale_transaction_tender,short_desc,string,null
fc_entdata_gold,cdm_pos,sale_transaction_tender,shorter_desc,string,null
fc_entdata_gold,cdm_pos,sale_transaction_tender,txn_time,timestamp,null
fc_entdata_gold,cdm_pos,sale_transaction_tender,txn_time_key,int,null
fc_entdata_gold,cdm_pos,sale_transaction_tender,debit_flag_val,string,null
fc_entdata_gold,cdm_pos,sale_transaction_tender,card_provider,string,null
fc_entdata_gold,cdm_pos,sale_transaction_tender,card_type,string,null
fc_entdata_gold,cdm_pos,sale_transaction_tender,entry_method,string,null
fc_entdata_gold,cdm_pos,sale_transaction_tender,payment_method_nm,string,null
fc_entdata_gold,cdm_pos,sale_transaction_tender,payment_method_type,string,null
fc_entdata_gold,cdm_pos,sale_transaction_tender,esignature_content_type,string,null
fc_entdata_gold,cdm_pos,sale_transaction_tender,esignature_val,string,null
fc_entdata_gold,cdm_pos,sale_transaction_tender,cryptogram,string,null
fc_entdata_gold,cdm_pos,sale_transaction_tender,cryptogram_type,string,null
fc_entdata_gold,cdm_pos,sale_transaction_tender,fall_back_mode,string,null
fc_entdata_gold,cdm_pos,sale_transaction_tender,terminal_verification_results,string,null
fc_entdata_gold,cdm_pos,sale_transaction_tender,cashier_bypassed_flag_val,string,null
fc_entdata_gold,cdm_pos,sale_transaction_tender,fleet_name,string,null
fc_entdata_gold,cdm_pos,sale_transaction_tender,created_date,timestamp,null
fc_entdata_gold,cdm_pos,sale_transaction_tender,updated_date,timestamp,null
fc_entdata_gold,cdm_pos,sale_transaction_tender,created_by,string,null
fc_entdata_gold,cdm_pos,sale_transaction_tender,updated_by,string,null
fc_entdata_gold,cdm_pos,sale_transaction_tender,Catalog,fc_entdata_gold,
fc_entdata_gold,cdm_pos,sale_transaction_tender,Database,cdm_pos,
fc_entdata_gold,cdm_pos,sale_transaction_tender,Table,sale_transaction_tender,
fc_entdata_gold,cdm_pos,sale_transaction_tender,Created Time,Thu Jan 15 17:33:07 UTC 2026,
fc_entdata_gold,cdm_pos,sale_transaction_tender,Last Access,UNKNOWN,
fc_entdata_gold,cdm_pos,sale_transaction_tender,Created By,Spark ,
fc_entdata_gold,cdm_pos,sale_transaction_tender,Type,FOREIGN,
fc_entdata_gold,cdm_pos,sale_transaction_tender,Provider,databricks,
fc_entdata_gold,cdm_pos,sale_transaction_tender,Owner,omry7478@retailer.com,
fc_entdata_gold,cdm_pos,sale_transaction_tender,Table Properties,[],
fc_entdata_gold,cdm_pos,test,Date,date,null
fc_entdata_gold,cdm_pos,test,Store,int,null
fc_entdata_gold,cdm_pos,test,PumpNumber,int,null
fc_entdata_gold,cdm_pos,test,FuelGradeID,bigint,null
fc_entdata_gold,cdm_pos,test,Hour,int,null
fc_entdata_gold,cdm_pos,test,TotalSaleQty,"decimal(35,4)",null
fc_entdata_gold,cdm_pos,test,Catalog,fc_entdata_gold,
fc_entdata_gold,cdm_pos,test,Database,cdm_pos,
fc_entdata_gold,cdm_pos,test,Table,test,
fc_entdata_gold,cdm_pos,test,Created Time,Thu Jan 15 17:33:07 UTC 2026,
fc_entdata_gold,cdm_pos,test,Last Access,UNKNOWN,
fc_entdata_gold,cdm_pos,test,Created By,Spark ,
fc_entdata_gold,cdm_pos,test,Type,FOREIGN,
fc_entdata_gold,cdm_pos,test,Provider,databricks,
fc_entdata_gold,cdm_pos,test,Owner,omry7478@retailer.com,
fc_entdata_gold,cdm_pos,test,Table Properties,[],
fc_entdata_gold,cdm_pos,void_transaction_detail,txn_key,string,null
fc_entdata_gold,cdm_pos,void_transaction_detail,txn_id,string,null
fc_entdata_gold,cdm_pos,void_transaction_detail,store_num,int,null
fc_entdata_gold,cdm_pos,void_transaction_detail,store_banner,string,null
fc_entdata_gold,cdm_pos,void_transaction_detail,business_date,date,null
fc_entdata_gold,cdm_pos,void_transaction_detail,detail_line_num,int,null
fc_entdata_gold,cdm_pos,void_transaction_detail,item_upc_key,bigint,null
fc_entdata_gold,cdm_pos,void_transaction_detail,txn_type,string,null
fc_entdata_gold,cdm_pos,void_transaction_detail,prd_type,string,null
fc_entdata_gold,cdm_pos,void_transaction_detail,actual_sale_price,"decimal(25,4)",null
fc_entdata_gold,cdm_pos,void_transaction_detail,regular_sale_price,"decimal(25,4)",null
fc_entdata_gold,cdm_pos,void_transaction_detail,sale_amt,"decimal(25,4)",null
fc_entdata_gold,cdm_pos,void_transaction_detail,sale_qty,"decimal(25,4)",null
fc_entdata_gold,cdm_pos,void_transaction_detail,sale_qty_uom,string,null
fc_entdata_gold,cdm_pos,void_transaction_detail,sales_restriction,string,null
fc_entdata_gold,cdm_pos,void_transaction_detail,selling_units,int,null
fc_entdata_gold,cdm_pos,void_transaction_detail,item_type_cd,string,null
fc_entdata_gold,cdm_pos,void_transaction_detail,entry_method,string,null
fc_entdata_gold,cdm_pos,void_transaction_detail,item_desc,string,null
fc_entdata_gold,cdm_pos,void_transaction_detail,item_upc_cd,bigint,null
fc_entdata_gold,cdm_pos,void_transaction_detail,src_item_upc_cd,string,null
fc_entdata_gold,cdm_pos,void_transaction_detail,poscd_format,string,null
fc_entdata_gold,cdm_pos,void_transaction_detail,poscd_modifier_nm,string,null
fc_entdata_gold,cdm_pos,void_transaction_detail,item_scan_mod,string,null
fc_entdata_gold,cdm_pos,void_transaction_detail,src_item_key_to_be_depricated,string,null
fc_entdata_gold,cdm_pos,void_transaction_detail,recalled_txn_id,bigint,null
fc_entdata_gold,cdm_pos,void_transaction_detail,tax_itemizer_mask,int,null
fc_entdata_gold,cdm_pos,void_transaction_detail,begin_date,date,null
fc_entdata_gold,cdm_pos,void_transaction_detail,begin_date_key,int,null
fc_entdata_gold,cdm_pos,void_transaction_detail,begin_time,timestamp,null
fc_entdata_gold,cdm_pos,void_transaction_detail,begin_time_key,int,null
fc_entdata_gold,cdm_pos,void_transaction_detail,end_date,date,null
fc_entdata_gold,cdm_pos,void_transaction_detail,end_date_key,int,null
fc_entdata_gold,cdm_pos,void_transaction_detail,end_time,timestamp,null
fc_entdata_gold,cdm_pos,void_transaction_detail,end_time_key,int,null
fc_entdata_gold,cdm_pos,void_transaction_detail,primary_report_period,date,null
fc_entdata_gold,cdm_pos,void_transaction_detail,report_seq_num,int,null
fc_entdata_gold,cdm_pos,void_transaction_detail,secondary_report_period,string,null
fc_entdata_gold,cdm_pos,void_transaction_detail,offline_flag,string,null
fc_entdata_gold,cdm_pos,void_transaction_detail,outside_sale_flag,string,null
fc_entdata_gold,cdm_pos,void_transaction_detail,suspend_flag,string,null
fc_entdata_gold,cdm_pos,void_transaction_detail,training_mode_flag,string,null
fc_entdata_gold,cdm_pos,void_transaction_detail,invoice_num,int,null
fc_entdata_gold,cdm_pos,void_transaction_detail,receipt_prnt_cnt,int,null
fc_entdata_gold,cdm_pos,void_transaction_detail,sales_destination_id,int,null
fc_entdata_gold,cdm_pos,void_transaction_detail,shift_num,bigint,null
fc_entdata_gold,cdm_pos,void_transaction_detail,sub_total,"decimal(25,4)",null
fc_entdata_gold,cdm_pos,void_transaction_detail,update_revision,int,null
fc_entdata_gold,cdm_pos,void_transaction_detail,cashier_id,string,null
fc_entdata_gold,cdm_pos,void_transaction_detail,overriding_cashier_id,string,null
fc_entdata_gold,cdm_pos,void_transaction_detail,grade_id,bigint,null
fc_entdata_gold,cdm_pos,void_transaction_detail,position_id,int,null
fc_entdata_gold,cdm_pos,void_transaction_detail,price_tier_cd,int,null
fc_entdata_gold,cdm_pos,void_transaction_detail,service_level_cd,bigint,null
fc_entdata_gold,cdm_pos,void_transaction_detail,time_tier_cd,string,null
fc_entdata_gold,cdm_pos,void_transaction_detail,fueling_dispense_end_date_time,timestamp,null
fc_entdata_gold,cdm_pos,void_transaction_detail,fueling_dispense_start_date_time,timestamp,null
fc_entdata_gold,cdm_pos,void_transaction_detail,fueling_handle_lift_date_time,timestamp,null
fc_entdata_gold,cdm_pos,void_transaction_detail,fueling_handle_replace_date_time,timestamp,null
fc_entdata_gold,cdm_pos,void_transaction_detail,fueling_end_reading_uom,string,null
fc_entdata_gold,cdm_pos,void_transaction_detail,fueling_end_reading,"decimal(25,4)",null
fc_entdata_gold,cdm_pos,void_transaction_detail,fueling_start_reading_uom,string,null
fc_entdata_gold,cdm_pos,void_transaction_detail,fueling_start_reading,"decimal(25,4)",null
fc_entdata_gold,cdm_pos,void_transaction_detail,vndr_model_version,string,null
fc_entdata_gold,cdm_pos,void_transaction_detail,vndr_nm,string,null
fc_entdata_gold,cdm_pos,void_transaction_detail,invoice_type,string,null
fc_entdata_gold,cdm_pos,void_transaction_detail,order_reference_id,string,null
fc_entdata_gold,cdm_pos,void_transaction_detail,order_system_id,string,null
fc_entdata_gold,cdm_pos,void_transaction_detail,business_date_key,int,null
fc_entdata_gold,cdm_pos,void_transaction_detail,event_end_date,date,null
fc_entdata_gold,cdm_pos,void_transaction_detail,event_end_date_key,int,null
fc_entdata_gold,cdm_pos,void_transaction_detail,event_end_time,timestamp,null
fc_entdata_gold,cdm_pos,void_transaction_detail,event_end_time_key,int,null
fc_entdata_gold,cdm_pos,void_transaction_detail,event_seq_id,int,null
fc_entdata_gold,cdm_pos,void_transaction_detail,event_start_date,date,null
fc_entdata_gold,cdm_pos,void_transaction_detail,event_start_date_key,int,null
fc_entdata_gold,cdm_pos,void_transaction_detail,event_start_time,timestamp,null
fc_entdata_gold,cdm_pos,void_transaction_detail,event_start_time_key,int,null
fc_entdata_gold,cdm_pos,void_transaction_detail,receipt_date,date,null
fc_entdata_gold,cdm_pos,void_transaction_detail,receipt_date_key,int,null
fc_entdata_gold,cdm_pos,void_transaction_detail,receipt_time,timestamp,null
fc_entdata_gold,cdm_pos,void_transaction_detail,receipt_time_key,int,null
fc_entdata_gold,cdm_pos,void_transaction_detail,register_id,int,null
fc_entdata_gold,cdm_pos,void_transaction_detail,till_id,int,null
fc_entdata_gold,cdm_pos,void_transaction_detail,uuid,string,null
fc_entdata_gold,cdm_pos,void_transaction_detail,status,string,null
fc_entdata_gold,cdm_pos,void_transaction_detail,price_override_approver_id,string,null
fc_entdata_gold,cdm_pos,void_transaction_detail,hose_id,int,null
fc_entdata_gold,cdm_pos,void_transaction_detail,txn_line_seq_num,int,null
fc_entdata_gold,cdm_pos,void_transaction_detail,rounding_amt,"decimal(25,4)",null
fc_entdata_gold,cdm_pos,void_transaction_detail,discount_amt,"decimal(25,4)",null
fc_entdata_gold,cdm_pos,void_transaction_detail,discount_reasons,string,null
fc_entdata_gold,cdm_pos,void_transaction_detail,og_txn_id,string,null
fc_entdata_gold,cdm_pos,void_transaction_detail,store_key,int,null
fc_entdata_gold,cdm_pos,void_transaction_detail,og_detail_line_num,int,null
fc_entdata_gold,cdm_pos,void_transaction_detail,adj_sale_amt,"decimal(25,4)",null
fc_entdata_gold,cdm_pos,void_transaction_detail,lottery_winning,"decimal(25,4)",null
fc_entdata_gold,cdm_pos,void_transaction_detail,cancellation_mode,string,null
fc_entdata_gold,cdm_pos,void_transaction_detail,input_src,string,null
fc_entdata_gold,cdm_pos,void_transaction_detail,src_filenm,string,null
fc_entdata_gold,cdm_pos,void_transaction_detail,data_src_key,int,null
fc_entdata_gold,cdm_pos,void_transaction_detail,data_src,string,null
fc_entdata_gold,cdm_pos,void_transaction_detail,created_date,timestamp,null
fc_entdata_gold,cdm_pos,void_transaction_detail,updated_date,timestamp,null
fc_entdata_gold,cdm_pos,void_transaction_detail,created_by,string,null
fc_entdata_gold,cdm_pos,void_transaction_detail,updated_by,string,null
fc_entdata_gold,cdm_pos,void_transaction_detail,item_key,bigint,null
fc_entdata_gold,cdm_pos,void_transaction_detail,merch_hierarchy,string,null
fc_entdata_gold,cdm_pos,void_transaction_detail,Catalog,fc_entdata_gold,
fc_entdata_gold,cdm_pos,void_transaction_detail,Database,cdm_pos,
fc_entdata_gold,cdm_pos,void_transaction_detail,Table,void_transaction_detail,
fc_entdata_gold,cdm_pos,void_transaction_detail,Created Time,Thu Jan 15 17:33:07 UTC 2026,
fc_entdata_gold,cdm_pos,void_transaction_detail,Last Access,UNKNOWN,
fc_entdata_gold,cdm_pos,void_transaction_detail,Created By,Spark ,
fc_entdata_gold,cdm_pos,void_transaction_detail,Type,FOREIGN,
fc_entdata_gold,cdm_pos,void_transaction_detail,Provider,databricks,
fc_entdata_gold,cdm_pos,void_transaction_detail,Owner,omry7478@retailer.com,
fc_entdata_gold,cdm_pos,void_transaction_detail,Table Properties,[],
fc_entdata_gold,cdm_pos,void_transaction_header,txn_key,string,null
fc_entdata_gold,cdm_pos,void_transaction_header,txn_id,string,null
fc_entdata_gold,cdm_pos,void_transaction_header,store_num,int,null
fc_entdata_gold,cdm_pos,void_transaction_header,business_date,date,null
fc_entdata_gold,cdm_pos,void_transaction_header,data_src,string,null
fc_entdata_gold,cdm_pos,void_transaction_header,data_src_key,int,null
fc_entdata_gold,cdm_pos,void_transaction_header,txn_type,string,null
fc_entdata_gold,cdm_pos,void_transaction_header,store_banner,string,null
fc_entdata_gold,cdm_pos,void_transaction_header,total_gross_amt,"decimal(25,4)",null
fc_entdata_gold,cdm_pos,void_transaction_header,total_net_amt,"decimal(25,4)",null
fc_entdata_gold,cdm_pos,void_transaction_header,total_tax_net_amt,"decimal(25,4)",null
fc_entdata_gold,cdm_pos,void_transaction_header,total_tax_sale_amt,"decimal(25,4)",null
fc_entdata_gold,cdm_pos,void_transaction_header,total_grand_amt,"decimal(25,4)",null
fc_entdata_gold,cdm_pos,void_transaction_header,total_tax_exempt_amt,"decimal(25,4)",null
fc_entdata_gold,cdm_pos,void_transaction_header,total_tax_forgiven_amt,"decimal(25,4)",null
fc_entdata_gold,cdm_pos,void_transaction_header,sub_total,"decimal(25,4)",null
fc_entdata_gold,cdm_pos,void_transaction_header,age_verification_flag,string,null
fc_entdata_gold,cdm_pos,void_transaction_header,cust_id,string,null
fc_entdata_gold,cdm_pos,void_transaction_header,store_operator_key,bigint,null
fc_entdata_gold,cdm_pos,void_transaction_header,retailer_rewards_flag,int,null
fc_entdata_gold,cdm_pos,void_transaction_header,offline_flag,string,null
fc_entdata_gold,cdm_pos,void_transaction_header,outside_sale_flag,string,null
fc_entdata_gold,cdm_pos,void_transaction_header,suspend_flag,string,null
fc_entdata_gold,cdm_pos,void_transaction_header,training_mode_flag,string,null
fc_entdata_gold,cdm_pos,void_transaction_header,shift_num,bigint,null
fc_entdata_gold,cdm_pos,void_transaction_header,cashier_id,string,null
fc_entdata_gold,cdm_pos,void_transaction_header,update_revision,int,null
fc_entdata_gold,cdm_pos,void_transaction_header,business_date_key,int,null
fc_entdata_gold,cdm_pos,void_transaction_header,event_end_date,date,null
fc_entdata_gold,cdm_pos,void_transaction_header,event_end_date_key,int,null
fc_entdata_gold,cdm_pos,void_transaction_header,event_end_time,timestamp,null
fc_entdata_gold,cdm_pos,void_transaction_header,event_end_time_key,int,null
fc_entdata_gold,cdm_pos,void_transaction_header,event_seq_id,int,null
fc_entdata_gold,cdm_pos,void_transaction_header,event_start_date,date,null
fc_entdata_gold,cdm_pos,void_transaction_header,event_start_date_key,int,null
fc_entdata_gold,cdm_pos,void_transaction_header,event_start_time,timestamp,null
fc_entdata_gold,cdm_pos,void_transaction_header,event_start_time_key,int,null
fc_entdata_gold,cdm_pos,void_transaction_header,receipt_date,date,null
fc_entdata_gold,cdm_pos,void_transaction_header,receipt_date_key,int,null
fc_entdata_gold,cdm_pos,void_transaction_header,receipt_time,timestamp,null
fc_entdata_gold,cdm_pos,void_transaction_header,receipt_time_key,int,null
fc_entdata_gold,cdm_pos,void_transaction_header,register_id,int,null
fc_entdata_gold,cdm_pos,void_transaction_header,till_id,bigint,null
fc_entdata_gold,cdm_pos,void_transaction_header,uuid,string,null
fc_entdata_gold,cdm_pos,void_transaction_header,og_txn_id,string,null
fc_entdata_gold,cdm_pos,void_transaction_header,input_src,string,null
fc_entdata_gold,cdm_pos,void_transaction_header,discount_amt,"decimal(25,4)",null
fc_entdata_gold,cdm_pos,void_transaction_header,loyalty_txn_flag,string,null
fc_entdata_gold,cdm_pos,void_transaction_header,created_date,timestamp,null
fc_entdata_gold,cdm_pos,void_transaction_header,updated_date,timestamp,null
fc_entdata_gold,cdm_pos,void_transaction_header,created_by,string,null
fc_entdata_gold,cdm_pos,void_transaction_header,updated_by,string,null
fc_entdata_gold,cdm_pos,void_transaction_header,Catalog,fc_entdata_gold,
fc_entdata_gold,cdm_pos,void_transaction_header,Database,cdm_pos,
fc_entdata_gold,cdm_pos,void_transaction_header,Table,void_transaction_header,
fc_entdata_gold,cdm_pos,void_transaction_header,Created Time,Thu Jan 15 17:33:07 UTC 2026,
fc_entdata_gold,cdm_pos,void_transaction_header,Last Access,UNKNOWN,
fc_entdata_gold,cdm_pos,void_transaction_header,Created By,Spark ,
fc_entdata_gold,cdm_pos,void_transaction_header,Type,FOREIGN,
fc_entdata_gold,cdm_pos,void_transaction_header,Provider,databricks,
fc_entdata_gold,cdm_pos,void_transaction_header,Owner,omry7478@retailer.com,
fc_entdata_gold,cdm_pos,void_transaction_header,Table Properties,[],
fc_entdata_gold,cdm_pos,vw_fuel_sales_hourly,StationID,int,null
fc_entdata_gold,cdm_pos,vw_fuel_sales_hourly,Date,date,null
fc_entdata_gold,cdm_pos,vw_fuel_sales_hourly,Hour,int,null
fc_entdata_gold,cdm_pos,vw_fuel_sales_hourly,FuelGrade,string,null
fc_entdata_gold,cdm_pos,vw_fuel_sales_hourly,ParentFuelGrade,string,null
fc_entdata_gold,cdm_pos,vw_fuel_sales_hourly,Gallons,"decimal(35,4)",null
fc_entdata_gold,cdm_pos,vw_fuel_sales_hourly,Catalog,fc_entdata_gold,
fc_entdata_gold,cdm_pos,vw_fuel_sales_hourly,Database,cdm_pos,
fc_entdata_gold,cdm_pos,vw_fuel_sales_hourly,Table,vw_fuel_sales_hourly,
fc_entdata_gold,cdm_pos,vw_fuel_sales_hourly,Created Time,Wed Feb 11 14:48:28 UTC 2026,
fc_entdata_gold,cdm_pos,vw_fuel_sales_hourly,Last Access,UNKNOWN,
fc_entdata_gold,cdm_pos,vw_fuel_sales_hourly,Created By,Spark ,
fc_entdata_gold,cdm_pos,vw_fuel_sales_hourly,Type,FOREIGN,
fc_entdata_gold,cdm_pos,vw_fuel_sales_hourly,Provider,databricks,
fc_entdata_gold,cdm_pos,vw_fuel_sales_hourly,Owner,omry7478@retailer.com,
fc_entdata_gold,cdm_pos,vw_fuel_sales_hourly,Table Properties,[],
